98,3,1,6,3,4,2,1,5,98,59.206321,57.814787,56.843000,56.083319,55.459514,54.932046,54.477009,54.078651,53.725982,53.411009,53.127717,52.871462,52.638569,52.426076,52.231558,52.052993,51.888680,51.737169,51.597212,51.467724,51.347757,51.236476,51.133139,51.037087,50.947728,50.864531,50.787016,50.714749,50.647333,50.584410,50.525651,50.470754,50.419444,50.371468,50.326591,50.284600,50.245295,50.208494,50.174026,50.141735,50.111475,50.083112,50.056519,50.031581,50.008189,49.986243,49.965649,49.946320,49.928174,49.911137,3
1698,3,1,6,5,5,1,1,5,384,57.323635,56.214659,55.660483,55.316204,55.073969,54.889371,54.740814,54.616497,54.509398,54.415058,54.330498,54.253649,54.183020,54.117506,54.056272,53.998669,53.944188,53.892420,53.843032,53.795753,53.750355,53.706649,53.664473,53.623690,53.584182,53.545846,53.508594,53.472345,53.437033,53.402596,53.368978,53.336132,53.304014,53.272583,53.241806,53.211648,53.182080,53.153075,53.124609,53.096658,53.069201,53.042219,53.015694,52.989607,52.963945,52.938692,52.913834,52.889359,52.865254,52.841507,2
1047,3,1,6,5,5,1,1,5,333,57.393942,56.420885,55.925271,55.607272,55.375668,55.193343,55.042275,54.912553,54.798214,54.695426,54.601600,54.514919,54.434065,54.358060,54.286160,54.217787,54.152488,54.089899,54.029723,53.971716,53.915676,53.861433,53.808839,53.757772,53.708121,53.659793,53.612705,53.566783,53.521960,53.478180,53.435387,53.393535,53.352579,53.312480,53.273202,53.234709,53.196972,53.159961,53.123650,53.088014,53.053028,53.018673,52.984926,52.951769,52.919183,52.887152,52.855659,52.824688,52.794225,52.764257,2
632,3,1,6,5,5,1,1,5,222,56.874251,55.798707,55.243130,54.880456,54.610989,54.395046,54.213705,54.056613,53.917495,53.792256,53.678071,53.572912,53.475273,53.384011,53.298234,53.217236,53.140448,53.067405,52.997722,52.931078,52.867197,52.805848,52.746829,52.689965,52.635102,52.582106,52.530856,52.481246,52.433181,52.386572,52.341344,52.297424,52.254747,52.213255,52.172892,52.133609,52.095359,52.058099,52.021788,51.986390,51.951869,51.918193,51.885331,51.853255,51.821937,51.791352,51.761476,51.732285,51.703758,51.675874,2
366,3,1,6,5,5,1,1,5,181,56.366077,55.255547,54.692797,54.328898,54.060660,53.847183,53.668966,53.515382,53.380030,53.258759,53.148715,53.047854,52.954657,52.867968,52.786884,52.710689,52.638801,52.570747,52.506134,52.444630,52.385955,52.329870,52.276168,52.224668,52.175214,52.127667,52.081901,52.037809,51.995289,51.954254,51.914622,51.876320,51.839280,51.803440,51.768743,51.735137,51.702572,51.671005,51.640391,51.610692,51.581871,51.553894,51.526726,51.500339,51.474702,51.449789,51.425573,51.402029,51.379135,51.356869,2
187,3,1,6,5,5,1,1,5,116,55.184127,54.069465,53.511105,53.153513,52.890414,52.680605,52.504869,52.352893,52.218533,52.097839,51.988120,51.887460,51.794442,51.707991,51.627268,51.551603,51.480455,51.413376,51.349992,51.289985,51.233084,51.179051,51.127682,51.078793,51.032222,50.987824,50.945469,50.905038,50.866422,50.829522,50.794248,50.760515,50.728245,50.697365,50.667807,50.639509,50.612411,50.586458,50.561596,50.537776,50.514952,50.493079,50.472115,50.452021,50.432759,50.414293,50.396588,50.379613,50.363337,50.347729,2
1289,5,1,6,5,5,2,3,5,396,59.703090,58.949246,58.510238,58.193570,57.940146,57.724948,57.535311,57.364034,57.206673,57.060314,56.922951,56.793143,56.669821,56.552168,56.439540,56.331423,56.227391,56.127093,56.030229,55.936541,55.845809,55.757835,55.672448,55.589493,55.508833,55.430343,55.353909,55.279430,55.206810,55.135962,55.066808,54.999272,54.933287,54.868787,54.805715,54.744014,54.683632,54.624520,54.566633,54.509926,54.454359,54.399893,54.346493,54.294123,54.242751,54.192345,54.142875,54.094315,54.046637,53.999814,4
783,5,1,6,4,5,1,2,5,290,57.272037,56.445057,56.004952,55.707162,55.479688,55.293513,55.134438,54.994503,54.868795,54.754076,54.648100,54.549255,54.456346,54.368468,54.284921,54.205153,54.128724,54.055275,53.984510,53.916186,53.850095,53.786063,53.723938,53.663592,53.604910,53.547793,53.492152,53.437910,53.384994,53.333342,53.282897,53.233604,53.185417,53.138292,53.092186,53.047062,53.002886,52.959623,52.917245,52.875720,52.835023,52.795128,52.756010,52.717646,52.680015,52.643097,52.606870,52.571317,52.536419,52.502160,4
447,5,1,6,3,5,1,3,5,166,55.931687,54.841729,54.262529,53.888111,53.615089,53.399864,53.221224,53.067652,52.932329,52.810930,52.700558,52.599180,52.505315,52.417851,52.335928,52.258864,52.186113,52.117223,52.051819,51.989585,51.930250,51.873581,51.819375,51.767453,51.717659,51.669852,51.623907,51.579711,51.537163,51.496170,51.456648,51.418520,51.381714,51.346167,51.311816,51.278608,51.246490,51.215412,51.185332,51.156205,51.127993,51.100659,51.074167,51.048485,51.023581,50.999426,50.975992,50.953254,50.931185,50.909762,4
201,4,1,6,3,5,1,2,5,136,56.921988,55.869361,55.248801,54.803615,54.451118,54.155878,53.900015,53.673359,53.469555,53.284322,53.114608,52.958132,52.813132,52.678207,52.552217,52.434218,52.323417,52.219141,52.120808,52.027915,51.940022,51.856739,51.777724,51.702668,51.631299,51.563368,51.498652,51.436950,51.378075,51.321861,51.268152,51.216808,51.167698,51.120701,51.075705,51.032608,50.991312,50.951728,50.913772,50.877367,50.842437,50.808916,50.776737,50.745839,50.716166,50.687663,50.660279,50.633965,50.608675,50.584366,3
141,4,1,6,3,5,2,1,5,106,55.681408,54.592394,53.978985,53.551005,53.218677,52.945023,52.711623,52.507925,52.327235,52.164993,52.017926,51.883601,51.760155,51.646127,51.540352,51.441887,51.349954,51.263904,51.183189,51.107343,51.035962,50.968694,50.905231,50.845300,50.788656,50.735080,50.684373,50.636356,50.590864,50.547745,50.506861,50.468083,50.431291,50.396375,50.363231,50.331762,50.301879,50.273497,50.246536,50.220922,50.196583,50.173455,50.151474,50.130581,50.110722,50.091842,50.073893,50.056827,50.040600,50.025169,3
78,4,1,6,3,5,1,2,5,77,55.912375,54.633313,53.875180,53.329263,52.899816,52.545177,52.243461,51.981651,51.751299,51.546559,51.363182,51.197962,51.048405,50.912520,50.788682,50.675546,50.571975,50.477002,50.389789,50.309609,50.235820,50.167856,50.105212,50.047438,49.994127,49.944913,49.899464,49.857479,49.818683,49.782825,49.749677,49.719028,49.690686,49.664475,49.640231,49.617805,49.597059,49.577867,49.560110,49.543680,49.528479,49.514413,49.501398,49.489354,49.478210,49.467897,49.458354,49.449522,49.441350,49.433787,3
1209,5,1,6,4,5,3,2,5,347,59.238075,58.282466,57.745870,57.379540,57.101680,56.876220,56.684633,56.516431,56.365242,56.226980,56.098901,55.979092,55.866175,55.759126,55.657165,55.559682,55.466190,55.376295,55.289667,55.206033,55.125159,55.046843,54.970910,54.897206,54.825594,54.755953,54.688174,54.622159,54.557817,54.495068,54.433837,54.374056,54.315661,54.258595,54.202803,54.148234,54.094843,54.042584,53.991418,53.941305,53.892210,53.844097,53.796936,53.750695,53.705346,53.660861,53.617214,53.574382,53.532340,53.491066,5
671,5,1,6,3,5,1,1,5,266,56.497476,55.643697,55.219544,54.946030,54.742590,54.578278,54.438753,54.316356,54.206549,54.106419,54.013990,53.927857,53.846988,53.770602,53.698092,53.628981,53.562881,53.499479,53.438512,53.379763,53.323044,53.268198,53.215088,53.163592,53.113608,53.065041,53.017810,52.971841,52.927069,52.883431,52.840876,52.799352,52.758815,52.719222,52.680535,52.642718,52.605739,52.569565,52.534168,52.499522,52.465599,52.432378,52.399834,52.367947,52.336696,52.306063,52.276029,52.246576,52.217689,52.189352,5
364,5,1,6,4,5,2,1,5,142,54.912252,53.746823,53.193869,52.867536,52.644108,52.475347,52.339471,52.225342,52.126644,52.039483,51.961298,51.890313,51.825243,51.765133,51.709250,51.657019,51.607984,51.561772,51.518080,51.476653,51.437281,51.399781,51.363998,51.329799,51.297067,51.265699,51.235605,51.206704,51.178924,51.152200,51.126472,51.101688,51.077799,51.054759,51.032527,51.011065,50.990338,50.970313,50.950958,50.932246,50.914150,50.896643,50.879703,50.863306,50.847432,50.832060,50.817172,50.802750,50.788776,50.775234,5
222,4,1,6,4,5,1,1,5,139,56.659057,55.648827,55.066021,54.646888,54.313023,54.032327,53.788761,53.573072,53.379342,53.203494,53.042565,52.894317,52.757011,52.629262,52.509947,52.398141,52.293074,52.194095,52.100649,52.012259,51.928510,51.849039,51.773528,51.701694,51.633284,51.568071,51.505851,51.446441,51.389671,51.335388,51.283451,51.233732,51.186111,51.140477,51.096729,51.054771,51.014516,50.975879,50.938784,50.903158,50.868934,50.836048,50.804438,50.774050,50.744828,50.716723,50.689686,50.663672,50.638639,50.614545,3
123,4,1,6,4,5,2,1,5,96,55.495747,54.208157,53.543508,53.110864,52.789639,52.532167,52.316085,52.129397,51.964942,51.818077,51.685593,51.565157,51.455009,51.353779,51.260374,51.173902,51.093627,51.018927,50.949274,50.884214,50.823353,50.766343,50.712880,50.662691,50.615533,50.571188,50.529458,50.490164,50.453141,50.418242,50.385328,50.354274,50.324964,50.297289,50.271150,50.246456,50.223119,50.201060,50.180204,50.160482,50.141828,50.124182,50.107486,50.091686,50.076733,50.062579,50.049180,50.036494,50.024481,50.013106,3
63,3,1,6,4,5,2,1,5,75,55.005046,53.925687,53.297710,52.849325,52.498930,52.211366,51.968232,51.758578,51.575269,51.413334,51.269136,51.139917,51.023520,50.918226,50.822636,50.735597,50.656143,50.583455,50.516836,50.455683,50.399470,50.347738,50.300083,50.256142,50.215597,50.178159,50.143570,50.111596,50.082026,50.054668,50.029347,50.005904,49.984192,49.964079,49.945442,49.928169,49.912157,49.897311,49.883543,49.870774,49.858928,49.847938,49.837740,49.828276,49.819491,49.811337,49.803767,49.796739,49.790212,49.784151,2
179,5,1,6,3,1,3,5,3,144,57.698273,56.417192,55.654634,55.111968,54.691898,54.350243,54.063159,53.816284,53.600270,53.408677,53.236865,53.081380,52.939581,52.809403,52.689205,52.577665,52.473703,52.376431,52.285106,52.199108,52.117912,52.041069,51.968197,51.898962,51.833076,51.770287,51.710374,51.653138,51.598405,51.546019,51.495837,51.447733,51.401589,51.357301,51.314771,51.273909,51.234634,51.196868,51.160541,51.125587,51.091943,51.059551,51.028358,50.998311,50.969363,50.941468,50.914582,50.888665,50.863677,50.839583,5
226,5,1,6,3,4,3,4,4,147,57.292943,56.401843,55.849301,55.438977,55.104999,54.818804,54.565972,54.338296,54.130625,53.939463,53.762290,53.597207,53.442731,53.297672,53.161059,53.032081,52.910053,52.794389,52.684584,52.580194,52.480830,52.386146,52.295835,52.209619,52.127247,52.048492,51.973146,51.901019,51.831938,51.765739,51.702275,51.641407,51.583006,51.526952,51.473134,51.421445,51.371787,51.324069,51.278201,51.234103,51.191697,51.150909,51.111670,51.073914,51.037579,51.002605,50.968937,50.936521,50.905306,50.875243,5
253,5,1,6,2,3,2,4,5,176,57.170263,56.324358,55.859317,55.530644,55.267806,55.043170,54.843823,54.662892,54.496315,54.341480,54.196581,54.060301,53.931629,53.809765,53.694056,53.583957,53.479004,53.378796,53.282986,53.191267,53.103365,53.019039,52.938068,52.860256,52.785422,52.713402,52.644047,52.577219,52.512791,52.450646,52.390674,52.332775,52.276855,52.222825,52.170604,52.120114,52.071283,52.024043,51.978329,51.934081,51.891241,51.849756,51.809574,51.770645,51.732925,51.696368,51.660933,51.626580,51.593271,51.560968,5
298,5,1,6,3,3,2,3,2,191,57.690546,56.782115,56.234509,55.842458,55.534722,55.278985,55.058306,54.862886,54.686614,54.525452,54.376597,54.238026,54.108229,53.986045,53.870562,53.761047,53.656899,53.557620,53.462789,53.372047,53.285083,53.201629,53.121445,53.044322,52.970072,52.898527,52.829533,52.762953,52.698662,52.636542,52.576489,52.518405,52.462198,52.407786,52.355089,52.304034,52.254554,52.206585,52.160065,52.114939,52.071153,52.028657,51.987403,51.947346,51.908442,51.870652,51.833937,51.798260,51.763585,51.729879,3
232,3,1,6,4,4,1,1,5,159,57.345837,56.427175,55.877741,55.476120,55.153562,54.880113,54.640425,54.425730,54.230572,54.051317,53.885399,53.730921,53.586425,53.450758,53.322983,53.202322,53.088122,52.979824,52.876946,52.779065,52.685812,52.596859,52.511912,52.430709,52.353013,52.278610,52.207305,52.138919,52.073290,52.010269,51.949716,51.891506,51.835519,51.781647,51.729787,51.679844,51.631730,51.585361,51.540660,51.497553,51.455972,51.415852,51.377132,51.339754,51.303663,51.268809,51.235141,51.202614,51.171184,51.140807,2
102,3,1,6,4,5,1,1,5,91,55.593075,54.533246,53.916267,53.481757,53.145735,52.871122,52.638581,52.436845,52.258803,52.099683,51.956123,51.825658,51.706418,51.596948,51.496082,51.402871,51.316526,51.236379,51.161862,51.092480,51.027801,50.967444,50.911069,50.858372,50.809078,50.762941,50.719734,50.679252,50.641305,50.605720,50.572339,50.541014,50.511609,50.483999,50.458067,50.433704,50.410810,50.389292,50.369063,50.350041,50.332151,50.315323,50.299489,50.284590,50.270568,50.257368,50.244940,50.233238,50.222218,50.211838,2
249,3,1,6,4,4,1,1,3,170,56.900267,56.008563,55.488963,55.117319,54.822941,54.575666,54.360322,54.168350,53.994467,53.835174,53.688014,53.551179,53.423285,53.303245,53.190178,53.083361,52.982189,52.886150,52.794804,52.707770,52.624718,52.545355,52.469423,52.396695,52.326963,52.260044,52.195770,52.133991,52.074568,52.017375,51.962296,51.909226,51.858064,51.808720,51.761109,51.715151,51.670774,51.627909,51.586489,51.546455,51.507750,51.470318,51.434110,51.399077,51.365174,51.332357,51.300585,51.269819,51.240021,51.211157,4
167,2,1,6,4,2,2,1,1,214,63.604897,62.198845,61.246598,60.498213,59.873545,59.334469,58.859189,58.433829,58.048890,57.697519,57.374576,57.076084,56.798894,56.540458,56.298686,56.071837,55.858442,55.657251,55.467186,55.287315,55.116821,54.954985,54.801170,54.654807,54.515389,54.382457,54.255595,54.134428,54.018612,53.907833,53.801801,53.700251,53.602937,53.509633,53.420127,53.334224,53.251740,53.172505,53.096361,53.023156,52.952751,52.885015,52.819823,52.757059,52.696613,52.638380,52.582264,52.528171,52.476014,52.425708,3
87,2,1,6,4,2,1,1,2,113,18.684300,18.191021,17.900536,17.698334,17.544856,17.422248,17.320986,17.235386,17.161785,17.097678,17.041277,16.991254,16.946597,16.906512,16.870364,16.837634,16.807894,16.780785,16.756002,16.733284,16.712406,16.693172,16.675413,16.658979,16.643739,16.629577,16.616389,16.604084,16.592582,16.581809,16.571700,16.562198,16.553250,16.544809,16.536834,16.529285,16.522130,16.515336,16.508876,16.502724,16.496858,16.491255,16.485898,16.480769,16.475852,16.471133,16.466598,16.462236,16.458035,16.453985,2
112,4,1,3,4,5,1,1,5,245,67.913870,65.833897,64.529598,63.580028,62.836502,62.227344,61.712519,61.267542,60.876439,60.528240,60.215097,59.931190,59.672079,59.434289,59.215041,59.012073,58.823516,58.647805,58.483611,58.329800,58.185393,58.049537,57.921487,57.800587,57.686256,57.577977,57.475289,57.377778,57.285071,57.196833,57.112758,57.032569,56.956016,56.882866,56.812911,56.745956,56.681825,56.620353,56.561389,56.504795,56.450440,56.398205,56.347978,56.299657,56.253144,56.208350,56.165191,56.123587,56.083466,56.044758,1
309,5,1,6,3,3,3,2,5,155,55.862241,54.700553,54.130004,53.766575,53.501986,53.294154,53.122898,52.977089,52.849979,52.737192,52.635739,52.543490,52.458880,52.380720,52.308088,52.240254,52.176629,52.116731,52.060159,52.006580,51.955710,51.907305,51.861158,51.817087,51.774933,51.734557,51.695836,51.658661,51.622934,51.588566,51.555479,51.523601,51.492866,51.463214,51.434592,51.406948,51.380236,51.354413,51.329439,51.305278,51.281894,51.259255,51.237330,51.216092,51.195513,51.175568,51.156233,51.137485,51.119303,51.101667,3
503,4,1,6,4,5,3,2,5,248,56.167891,54.954067,54.386915,54.050162,53.822024,53.654404,53.524363,53.419458,53.332282,53.258120,53.193807,53.137135,53.086509,53.040753,52.998977,52.960499,52.924786,52.891416,52.860053,52.830426,52.802312,52.775529,52.749925,52.725374,52.701768,52.679018,52.657046,52.635786,52.615180,52.595178,52.575736,52.556817,52.538387,52.520414,52.502873,52.485740,52.468993,52.452613,52.436581,52.420883,52.405502,52.390427,52.375644,52.361143,52.346912,52.332942,52.319225,52.305751,52.292513,52.279503,2
691,3,1,6,4,4,1,2,5,259,56.628968,55.386888,54.782831,54.416603,54.164336,53.975454,53.825656,53.701847,53.596326,53.504249,53.422402,53.348560,53.281129,53.218939,53.161103,53.106944,53.055929,53.007635,52.961722,52.917911,52.875974,52.835719,52.796984,52.759634,52.723550,52.688633,52.654793,52.621954,52.590049,52.559018,52.528808,52.499371,52.470665,52.442652,52.415296,52.388566,52.362433,52.336872,52.311857,52.287367,52.263381,52.239880,52.216846,52.194262,52.172115,52.150388,52.129069,52.108145,52.087604,52.067435,4
373,5,1,6,5,5,4,1,5,202,57.389744,56.298960,55.734673,55.360681,55.079069,54.851023,54.657872,54.489339,54.339185,54.203341,54.079003,53.964155,53.857295,53.757275,53.663195,53.574334,53.490106,53.410028,53.333695,53.260766,53.190949,53.123991,53.059674,52.997806,52.938219,52.880763,52.825304,52.771723,52.719912,52.669775,52.621221,52.574172,52.528553,52.484296,52.441339,52.399625,52.359100,52.319714,52.281421,52.244177,52.207944,52.172681,52.138355,52.104931,52.072377,52.040664,52.009763,51.979647,51.950292,51.921671,3
525,5,1,6,5,4,1,5,4,242,57.470485,56.340816,55.742001,55.345564,55.050828,54.815968,54.620209,54.451910,54.303945,54.171661,54.051856,53.942235,53.841096,53.747144,53.659364,53.576951,53.499251,53.425726,53.355928,53.289481,53.226062,53.165396,53.107244,53.051400,52.997681,52.945926,52.895995,52.847761,52.801111,52.755943,52.712168,52.669703,52.628474,52.588412,52.549457,52.511551,52.474644,52.438687,52.403638,52.369456,52.336103,52.303545,52.271750,52.240688,52.210332,52.180654,52.151631,52.123240,52.095459,52.068269,4
270,3,1,6,5,5,1,1,5,160,56.475962,55.351028,54.782272,54.409778,54.129361,53.901046,53.706287,53.535166,53.381777,53.242304,53.114130,52.995373,52.884624,52.780803,52.683057,52.590700,52.503169,52.419997,52.340790,52.265214,52.192980,52.123836,52.057564,51.993968,51.932878,51.874139,51.817612,51.763173,51.710708,51.660114,51.611295,51.564166,51.518646,51.474661,51.432142,51.391025,51.351251,51.312764,51.275512,51.239445,51.204519,51.170688,51.137913,51.106154,51.075375,51.045541,51.016618,50.988574,50.961381,50.935009,2
251,3,1,6,5,5,1,1,5,149,55.396389,54.402970,53.916981,53.606618,53.378846,53.197799,53.046573,52.916029,52.800722,52.697158,52.602969,52.516475,52.436442,52.361930,52.292212,52.226708,52.164946,52.106541,52.051170,51.998558,51.948471,51.900708,51.855092,51.811469,51.769701,51.729666,51.691255,51.654370,51.618921,51.584828,51.552016,51.520418,51.489971,51.460618,51.432306,51.404985,51.378610,51.353138,51.328528,51.304744,51.281750,51.259514,51.238004,51.217191,51.197048,51.177548,51.158667,51.140381,51.122668,51.105507,2
227,5,4,6,4,2,2,2,5,127,56.470410,55.417908,54.800589,54.357921,54.009493,53.721089,53.474795,53.259859,53.069238,52.898031,52.742691,52.600564,52.469622,52.348279,52.235278,52.129607,52.030437,51.937087,51.848986,51.765653,51.686679,51.611710,51.540442,51.472608,51.407971,51.346324,51.287480,51.231271,51.177546,51.126167,51.077008,51.029952,50.984894,50.941734,50.900380,50.860748,50.822756,50.786329,50.751397,50.717893,50.685755,50.654922,50.625339,50.596953,50.569711,50.543567,50.518474,50.494389,50.471269,50.449075,2
567,3,1,6,4,4,2,2,5,226,66.506313,65.099803,64.442713,64.041602,63.757307,63.537384,63.357731,63.205550,63.073292,62.956144,62.850854,62.755121,62.667259,62.585999,62.510357,62.439558,62.372982,62.310123,62.250562,62.193953,62.140003,62.088460,62.039113,61.991775,61.946287,61.902508,61.860313,61.819594,61.780253,61.742203,61.705365,61.669669,61.635052,61.601455,61.568826,61.537116,61.506282,61.476282,61.447079,61.418639,61.390928,61.363918,61.337580,61.311888,61.286818,61.262347,61.238454,61.215119,61.192321,61.170044,3
309,5,1,6,3,3,2,3,5,141,55.665625,54.452143,53.843293,53.451828,53.165790,52.941536,52.757992,52.603313,52.470127,52.353508,52.250007,52.157115,52.072960,51.996109,51.925447,51.860094,51.799340,51.742612,51.689435,51.639417,51.592230,51.547594,51.505272,51.465061,51.426783,51.390285,51.355433,51.322106,51.290200,51.259620,51.230283,51.202112,51.175039,51.149002,51.123944,51.099813,51.076562,51.054146,51.032526,51.011663,50.991522,50.972072,50.953282,50.935123,50.917570,50.900596,50.884179,50.868296,50.852927,50.838051,3
221,3,1,6,2,4,2,2,5,124,56.328143,55.219817,54.570725,54.108827,53.749966,53.457315,53.211019,52.998926,52.813000,52.647659,52.498886,52.363710,52.239891,52.125700,52.019785,51.921074,51.828699,51.741955,51.660257,51.583118,51.510125,51.440929,51.375226,51.312754,51.253282,51.196609,51.142553,51.090954,51.041665,50.994555,50.949503,50.906401,50.865147,50.825647,50.787815,50.751570,50.716838,50.683548,50.651633,50.621033,50.591688,50.563543,50.536545,50.510646,50.485798,50.461956,50.439079,50.417125,50.396056,50.375836,3
73,4,1,6,5,4,2,1,5,68,54.210461,52.861933,52.247670,51.868827,51.593014,51.374255,51.192574,51.037568,50.903024,50.784847,50.680140,50.586748,50.503009,50.427605,50.359465,50.297709,50.241597,50.190506,50.143900,50.101318,50.062359,50.026672,49.993946,49.963908,49.936314,49.910948,49.887613,49.866135,49.846356,49.828133,49.811336,49.795848,49.781563,49.768382,49.756217,49.744987,49.734618,49.725041,49.716194,49.708020,49.700467,49.693486,49.687033,49.681068,49.675552,49.670452,49.665734,49.661372,49.657336,49.653602,4
225,3,1,6,4,3,2,1,5,169,60.775685,59.370495,58.671640,58.239753,57.936386,57.704433,57.516340,57.357328,57.218813,57.095481,56.983866,56.881604,56.787017,56.698880,56.616268,56.538468,56.464915,56.395159,56.328826,56.265611,56.205252,56.147529,56.092251,56.039251,55.988382,55.939515,55.892533,55.847331,55.803815,55.761898,55.721501,55.682550,55.644978,55.608723,55.573726,55.539933,55.507292,55.475756,55.445279,55.415819,55.387335,55.359790,55.333146,55.307370,55.282429,55.258292,55.234929,55.212311,55.190412,55.169206,3
82,4,1,6,4,5,1,1,3,70,54.167307,52.982574,52.368355,51.966578,51.669796,51.434528,51.239581,51.073250,50.928457,50.800614,50.686570,50.584056,50.491373,50.407202,50.330496,50.260399,50.196200,50.137298,50.083178,50.033391,49.987547,49.945298,49.906338,49.870390,49.837206,49.806561,49.778253,49.752097,49.727923,49.705578,49.684919,49.665818,49.648155,49.631822,49.616715,49.602744,49.589822,49.577871,49.566816,49.556591,49.547133,49.538385,49.530294,49.522810,49.515888,49.509485,49.503564,49.498087,49.493021,49.488337,4
91,4,1,6,3,5,1,1,5,79,55.043708,53.809826,53.130516,52.658308,52.292313,51.992985,51.740654,51.523744,51.334673,51.168128,51.020211,50.887961,50.769071,50.661704,50.564367,50.475833,50.395078,50.321235,50.253566,50.191437,50.134298,50.081669,50.033130,49.988308,49.946874,49.908535,49.873028,49.840119,49.809595,49.781266,49.754958,49.730514,49.707791,49.686658,49.666996,49.648697,49.631660,49.615793,49.601012,49.587240,49.574403,49.562437,49.551280,49.540875,49.531171,49.522118,49.513672,49.505790,49.498435,49.491571,2
172,4,1,6,3,5,1,1,5,108,55.470284,54.181148,53.508360,53.072275,52.755029,52.508069,52.307308,52.139119,51.995032,51.869420,51.758362,51.659025,51.569306,51.487609,51.412700,51.343611,51.279571,51.219956,51.164259,51.112060,51.063007,51.016804,50.973200,50.931976,50.892945,50.855942,50.820821,50.787454,50.755724,50.725529,50.696773,50.669373,50.643250,50.618333,50.594556,50.571857,50.550181,50.529475,50.509690,50.490781,50.472704,50.455420,50.438890,50.423080,50.407955,50.393484,50.379637,50.366385,50.353701,50.341561,2
125,5,1,3,5,5,1,1,5,102,55.668231,54.506092,53.857269,53.410230,53.067609,52.788691,52.552980,52.348730,52.168557,52.007490,51.862013,51.729542,51.608116,51.496213,51.392624,51.296373,51.206661,51.122821,51.044294,50.970600,50.901329,50.836125,50.774674,50.716700,50.661958,50.610227,50.561309,50.515024,50.471209,50.429713,50.390400,50.353143,50.317824,50.284334,50.252572,50.222444,50.193861,50.166739,50.141003,50.116578,50.093396,50.071392,50.050505,50.030677,50.011855,49.993986,49.977021,49.960915,49.945625,49.931107,1
69,5,1,3,5,5,1,1,5,60,54.005464,52.789130,52.109233,51.649747,51.308516,51.041057,50.824081,50.643800,50.491333,50.360611,50.247308,50.148235,50.060981,49.983684,49.914874,49.853374,49.798226,49.748640,49.703952,49.663604,49.627117,49.594078,49.564129,49.536957,49.512284,49.489867,49.469488,49.450953,49.434089,49.418740,49.404766,49.392041,49.380450,49.369891,49.360270,49.351503,49.343513,49.336229,49.329590,49.323538,49.318020,49.312988,49.308400,49.304217,49.300401,49.296922,49.293748,49.290853,49.288213,49.285804,1
67,5,1,3,5,5,1,1,5,67,55.002081,53.650255,52.845375,52.283665,51.857814,51.518636,51.239559,51.004572,50.803278,50.628560,50.475340,50.339876,50.219335,50.111518,50.014678,49.927406,49.848540,49.777111,49.712299,49.653401,49.599810,49.550996,49.506494,49.465893,49.428827,49.394971,49.364032,49.335747,49.309882,49.286221,49.264571,49.244758,49.226622,49.210019,49.194816,49.180894,49.168144,49.156465,49.145767,49.135967,49.126989,49.118763,49.111226,49.104320,49.097992,49.092192,49.086878,49.082007,49.077543,49.073452,1
104,5,1,3,3,5,1,1,5,91,55.775379,54.493517,53.772442,53.275797,52.896389,52.588512,52.328887,52.104170,51.906051,51.729019,51.569233,51.423902,51.290932,51.168698,51.055912,50.951529,50.854684,50.764650,50.680805,50.602616,50.529613,50.461383,50.397561,50.337818,50.281858,50.229414,50.180240,50.134115,50.090834,50.050210,50.012068,49.976248,49.942602,49.910993,49.881291,49.853378,49.827142,49.802479,49.779294,49.757495,49.736998,49.717723,49.699596,49.682549,49.666515,49.651433,49.637247,49.623902,49.611348,49.599539,1
94,5,1,3,3,5,1,1,5,81,54.400472,53.227443,52.647722,52.275023,52.000651,51.782486,51.600632,51.444356,51.307272,51.185282,51.075589,50.976187,50.885577,50.802600,50.726335,50.656032,50.591070,50.530924,50.475146,50.423347,50.375188,50.330369,50.288623,50.249713,50.213422,50.179556,50.147939,50.118409,50.090819,50.065033,50.040925,50.018382,49.997298,49.977573,49.959116,49.941844,49.925678,49.910545,49.896378,49.883112,49.870690,49.859057,49.848161,49.837955,49.828394,49.819437,49.811046,49.803184,49.795816,49.788913,1
91,5,1,3,4,5,1,1,5,268,36.368679,35.571313,35.279573,35.138119,35.050923,34.987488,34.936749,34.894091,34.857277,34.825032,34.796518,34.771119,34.748350,34.727815,34.709181,34.692168,34.676540,34.662096,34.648668,34.636113,34.624313,34.613165,34.602587,34.592506,34.582862,34.573607,34.564696,34.556095,34.547772,34.539702,34.531863,34.524235,34.516804,34.509553,34.502472,34.495550,34.488776,34.482143,34.475643,34.469270,34.463017,34.456880,34.450853,34.444932,34.439112,34.433391,34.427764,34.422228,34.416780,34.411418,1
81,5,1,3,4,5,1,1,5,65,54.219570,52.905517,52.233787,51.804590,51.496336,51.259362,51.069263,50.912360,50.780213,50.667226,50.569487,50.484147,50.409063,50.342579,50.283393,50.230460,50.182930,50.140103,50.101395,50.066316,50.034450,50.005441,49.978983,49.954811,49.932694,49.912429,49.893839,49.876767,49.861072,49.846631,49.833333,49.821078,49.809777,49.799349,49.789721,49.780827,49.772608,49.765009,49.757980,49.751477,49.745458,49.739885,49.734724,49.729943,49.725513,49.721407,49.717600,49.714071,49.710798,49.707762,1
130,3,1,6,5,5,1,1,5,98,55.841386,54.766425,54.147427,53.706716,53.359274,53.070109,52.821612,52.603568,52.409430,52.234698,52.076119,51.931250,51.798201,51.675474,51.561860,51.456365,51.358161,51.266546,51.180922,51.100771,51.025643,50.955139,50.888910,50.826642,50.768052,50.712887,50.660916,50.611930,50.565736,50.522158,50.481034,50.442213,50.405556,50.370934,50.338228,50.307326,50.278123,50.250521,50.224431,50.199765,50.176443,50.154392,50.133538,50.113817,50.095165,50.077524,50.060837,50.045053,50.030122,50.015998,1
115,3,1,6,3,5,1,1,5,88,55.137391,54.023854,53.413439,52.989583,52.659495,52.386682,52.153461,51.949834,51.769479,51.608062,51.462445,51.330258,51.209653,51.099158,50.997576,50.903917,50.817351,50.737174,50.662781,50.593649,50.529320,50.469393,50.413510,50.361351,50.312633,50.267096,50.224509,50.184658,50.147351,50.112411,50.079675,50.048994,50.020231,49.993259,49.967960,49.944225,49.921953,49.901051,49.881430,49.863011,49.845716,49.829476,49.814224,49.799899,49.786444,49.773804,49.761929,49.750772,49.740289,49.730439,2
134,4,1,3,4,5,1,1,5,103,55.487912,54.446559,53.881583,53.484079,53.172020,52.913789,52.693473,52.501599,52.331933,52.180111,52.042954,51.918072,51.803623,51.698166,51.600549,51.509838,51.425270,51.346209,51.272123,51.202557,51.137126,51.075492,51.017362,50.962480,50.910616,50.861565,50.815144,50.771187,50.729542,50.690070,50.652645,50.617149,50.583474,50.551518,50.521187,50.492395,50.465058,50.439100,50.414447,50.391033,50.368793,50.347667,50.327597,50.308529,50.290413,50.273200,50.256844,50.241303,50.226534,50.212500,1
127,4,1,3,4,5,1,1,5,93,55.023452,53.921287,53.346421,52.960615,52.668686,52.432847,52.234571,52.063426,51.912941,51.778816,51.658030,51.548380,51.448200,51.356199,51.271353,51.192832,51.119954,51.052149,50.988934,50.929896,50.874675,50.822959,50.774470,50.728964,50.686220,50.646041,50.608248,50.572679,50.539185,50.507630,50.477890,50.449850,50.423404,50.398453,50.374906,50.352679,50.331692,50.311872,50.293151,50.275463,50.258750,50.242955,50.228025,50.213911,50.200567,50.187949,50.176016,50.164729,50.154053,50.143954,1
80,4,1,3,5,5,1,1,5,109,60.662563,59.223154,58.283318,57.555800,56.947397,56.417978,55.946804,55.521604,55.134332,54.779301,54.452256,54.149878,53.869491,53.608885,53.366196,53.139831,52.928404,52.730702,52.545652,52.372294,52.209769,52.057300,51.914182,51.779774,51.653487,51.534783,51.423166,51.318178,51.219397,51.126431,51.038916,50.956515,50.878913,50.805816,50.736953,50.672067,50.610920,50.553290,50.498966,50.447755,50.399472,50.353945,50.311014,50.270526,50.232341,50.196324,50.162349,50.130300,50.100064,50.071538,1
44,4,1,3,5,5,1,1,5,92,61.813733,59.678340,58.331115,57.328330,56.523164,55.848269,55.266840,54.756454,54.302384,53.894399,53.525068,53.188794,52.881230,52.598911,52.339014,52.099200,51.877494,51.672211,51.481891,51.305263,51.141200,50.988706,50.846887,50.714936,50.592124,50.477789,50.371324,50.272171,50.179821,50.093800,50.013673,49.939035,49.869512,49.804756,49.744442,49.688269,49.635957,49.587243,49.541884,49.499653,49.460336,49.423736,49.389668,49.357960,49.328449,49.300988,49.275434,49.251657,49.229536,49.208956,1
165,4,1,3,5,5,1,1,5,175,65.192232,63.486305,62.376180,61.523145,60.816530,60.206526,59.666381,59.179914,58.736468,58.328561,57.950688,57.598645,57.269134,56.959508,56.667604,56.391629,56.130079,55.881674,55.645320,55.420069,55.205095,54.999675,54.803166,54.614999,54.434664,54.261703,54.095700,53.936278,53.783095,53.635834,53.494205,53.357940,53.226791,53.100527,52.978932,52.861805,52.748956,52.640208,52.535393,52.434353,52.336938,52.243006,52.152423,52.065060,51.980796,51.899513,51.821101,51.745454,51.672470,51.602052,1
48,3,1,6,5,5,1,1,5,117,66.979582,64.356006,62.592116,61.239775,60.129828,59.181337,58.349940,57.608812,56.940425,56.332581,55.776352,55.264928,54.792945,54.356060,53.950685,53.573801,53.222829,52.895539,52.589982,52.304441,52.037385,51.787446,51.553390,51.334098,51.128551,50.935819,50.755047,50.585446,50.426290,50.276905,50.136668,50.004997,49.881352,49.765230,49.656160,49.553704,49.457451,49.367018,49.282045,49.202195,49.127154,49.056627,48.990335,48.928021,48.869440,48.814363,48.762578,48.713882,48.668088,48.625018,2
94,3,1,6,5,5,1,1,5,132,61.630954,60.170602,59.192410,58.427168,57.784731,57.225039,56.726601,56.276292,55.865346,55.487530,55.138197,54.813762,54.511373,54.228712,53.963854,53.715175,53.481283,53.260975,53.053195,52.857011,52.671593,52.496198,52.330153,52.172852,52.023738,51.882307,51.748092,51.620667,51.499635,51.384631,51.275314,51.171371,51.072506,50.978444,50.888930,50.803723,50.722597,50.645343,50.571759,50.501661,50.434872,50.371226,50.310566,50.252746,50.197625,50.145071,50.094960,50.047173,50.001598,49.958130,2
104,3,1,6,5,5,1,1,5,145,65.357993,63.552002,62.354734,61.427451,60.656255,59.989359,59.398412,58.865871,58.379968,57.932367,57.516940,57.129050,56.765115,56.422313,56.098388,55.791505,55.500156,55.223078,54.959205,54.707625,54.467544,54.238269,54.019184,53.809737,53.609431,53.417810,53.234457,53.058988,52.891043,52.730287,52.576404,52.429097,52.288087,52.153105,52.023898,51.900225,51.781856,51.668568,51.560153,51.456406,51.357136,51.262155,51.171287,51.084359,51.001207,50.921674,50.845607,50.772863,50.703300,50.636784,2
49,3,1,6,5,5,1,1,5,92,61.924902,59.636840,58.286234,57.333822,56.600036,56.003799,55.502121,55.069731,54.690606,54.353965,54.052197,53.779713,53.532269,53.306550,53.099907,52.910177,52.735563,52.574547,52.425834,52.288300,52.160963,52.042958,51.933515,51.831948,51.737636,51.650019,51.568591,51.492887,51.422485,51.356996,51.296063,51.239360,51.186582,51.137451,51.091708,51.049115,51.009449,50.972506,50.938094,50.906038,50.876172,50.848346,50.822416,50.798251,50.775729,50.754737,50.735168,50.716924,50.699913,50.684051,2
319,3,1,6,5,5,1,1,5,213,60.958123,59.697722,58.941705,58.402887,57.982103,57.633837,57.334024,57.068728,56.829307,56.610093,56.407194,56.217824,56.039922,55.871922,55.712596,55.560971,55.416254,55.277791,55.145038,55.017532,54.894878,54.776735,54.662805,54.552826,54.446565,54.343817,54.244393,54.148127,54.054864,53.964466,53.876803,53.791758,53.709220,53.629088,53.551266,53.475667,53.402206,53.330805,53.261391,53.193893,53.128245,53.064386,53.002254,52.941794,52.882952,52.825676,52.769917,52.715627,52.662762,52.611279,2
33,3,1,6,5,5,1,1,5,145,65.175108,62.776320,61.140351,59.853286,58.774422,57.838515,57.009094,56.263145,55.584953,54.963196,54.389408,53.857075,53.361067,52.897273,52.462338,52.053488,51.668396,51.305086,50.961861,50.637245,50.329943,50.038806,49.762807,49.501020,49.252602,49.016784,48.792857,48.580168,48.378107,48.186108,48.003642,47.830211,47.665350,47.508617,47.359601,47.217908,47.083169,46.955035,46.833174,46.717272,46.607032,46.502172,46.402425,46.307536,46.217264,46.131381,46.049669,45.971922,45.897944,45.827549,2
135,3,1,6,5,5,1,1,5,147,62.071717,60.436410,59.409345,58.658492,58.066617,57.577856,57.161244,56.797921,56.475605,56.185886,55.922774,55.681859,55.459800,55.254010,55.062438,54.883429,54.715625,54.557896,54.409288,54.268985,54.136285,54.010577,53.891323,53.778050,53.670336,53.567802,53.470110,53.376952,53.288050,53.203152,53.122024,53.044455,52.970248,52.899224,52.831215,52.766067,52.703635,52.643785,52.586392,52.531339,52.478516,52.427819,52.379152,52.332424,52.287547,52.244442,52.203030,52.163239,52.125000,52.088246,2
331,1,1,6,5,2,1,1,1,213,60.459052,59.441608,58.842062,58.409546,58.061222,57.762063,57.494963,57.250663,57.023728,56.810738,56.609409,56.418129,56.235711,56.061240,55.893992,55.733373,55.578888,55.430114,55.286685,55.148280,55.014614,54.885430,54.760501,54.639615,54.522582,54.409226,54.299386,54.192910,54.089659,53.989504,53.892322,53.797998,53.706426,53.617504,53.531135,53.447230,53.365703,53.286471,53.209457,53.134588,53.061792,52.991002,52.922154,52.855186,52.790039,52.726657,52.664984,52.604969,52.546562,52.489715,2
126,3,1,6,5,5,1,1,5,349,66.058733,63.468030,61.734475,60.444514,59.426242,58.590186,57.884373,57.276169,56.743770,56.271870,55.849284,55.467578,55.120225,54.802069,54.508968,54.237542,53.985005,53.749036,53.527683,53.319296,53.122466,52.935990,52.758829,52.590087,52.428984,52.274841,52.127062,51.985124,51.848566,51.716976,51.589992,51.467285,51.348562,51.233558,51.122032,51.013763,50.908550,50.806206,50.706558,50.609446,50.514718,50.422232,50.331853,50.243455,50.156914,50.072114,49.988943,49.907291,49.827055,49.748132,2
48,3,1,6,5,5,1,1,5,74,56.966111,55.890526,55.099107,54.457597,53.917653,53.453897,53.050539,52.696696,52.384350,52.107318,51.860674,51.640404,51.443174,51.266178,51.107031,50.963685,50.834373,50.717556,50.611894,50.516209,50.429466,50.350751,50.279254,50.214257,50.155122,50.101279,50.052218,50.007486,49.966673,49.929415,49.895382,49.864278,49.835837,49.809817,49.786001,49.764193,49.744215,49.725906,49.709120,49.693724,49.679598,49.666634,49.654730,49.643798,49.633754,49.624525,49.616040,49.608238,49.601063,49.594461,2
63,5,1,6,4,4,2,2,5,376,63.053624,61.130254,59.730460,58.620001,57.698237,56.910258,56.222449,55.612717,55.065784,54.570652,54.119132,53.704952,53.323188,52.969892,52.641837,52.336346,52.051163,51.784366,51.534302,51.299529,51.078788,50.870963,50.675064,50.490207,50.315595,50.150512,49.994306,49.846385,49.706209,49.573283,49.447151,49.327395,49.213629,49.105494,49.002658,48.904814,48.811675,48.722973,48.638460,48.557901,48.481080,48.407792,48.337845,48.271059,48.207265,48.146305,48.088029,48.032295,47.978972,47.927934,3
83,5,1,6,5,4,2,2,5,133,62.714373,61.339056,60.322765,59.487782,58.771180,58.140736,57.576991,57.067023,56.601693,56.174231,55.779452,55.413270,55.072398,54.754136,54.456238,54.176802,53.914206,53.667044,53.434092,53.214271,53.006624,52.810297,52.624521,52.448602,52.281911,52.123872,51.973958,51.831686,51.696608,51.568313,51.446417,51.330564,51.220423,51.115685,51.016060,50.921278,50.831085,50.745243,50.663527,50.585728,50.511646,50.441093,50.373895,50.309882,50.248899,50.190795,50.135430,50.082669,50.032386,49.984462,3
40,4,1,6,2,3,2,2,5,85,59.251050,57.374323,56.207376,55.356434,54.683683,54.125337,53.647282,53.229376,52.858769,52.526729,52.227010,51.954944,51.706927,51.480086,51.272080,51.080958,50.905068,50.742989,50.593483,50.455461,50.327957,50.210107,50.101132,50.000329,49.907059,49.820740,49.740837,49.666865,49.598374,49.534951,49.476218,49.421825,49.371447,49.324787,49.281568,49.241536,49.204455,49.170106,49.138288,49.108813,49.081509,49.056214,49.032781,49.011072,48.990959,48.972326,48.955061,48.939065,48.924244,48.910511,3
56,5,1,6,4,4,2,2,5,109,62.379854,60.617622,59.410895,58.462650,57.671418,56.988640,56.386660,55.847969,55.360673,54.916286,54.508512,54.132531,53.784549,53.461512,53.160905,52.880624,52.618878,52.374119,52.144998,51.930324,51.729033,51.540174,51.362886,51.196387,51.039963,50.892957,50.754768,50.624837,50.502649,50.387724,50.279618,50.177914,50.082225,49.992190,49.907468,49.827742,49.752715,49.682108,49.615658,49.553120,49.494263,49.438869,49.386734,49.337667,49.291485,49.248021,49.207113,49.168611,49.132374,49.098269,3
251,4,1,6,3,4,2,2,5,196,60.256546,58.779118,57.937006,57.366515,56.939937,56.599706,56.316118,56.072302,55.857929,55.666274,55.492732,55.334016,55.187695,55.051920,54.925246,54.806525,54.694823,54.589375,54.489539,54.394776,54.304623,54.218686,54.136619,54.058121,53.982929,53.910808,53.841550,53.774968,53.710896,53.649181,53.589688,53.532291,53.476878,53.423344,53.371594,53.321540,53.273101,53.226202,53.180772,53.136747,53.094067,53.052674,53.012516,52.973543,52.935708,52.898968,52.863281,52.828607,52.794910,52.762155,2
114,4,1,6,5,4,2,2,5,155,63.392725,61.878931,60.900921,60.148076,59.522180,58.979420,58.496273,58.058547,57.656966,57.285109,56.938327,56.613140,56.306864,56.017384,55.742998,55.482309,55.234155,54.997556,54.771670,54.555771,54.349221,54.151458,53.961980,53.780334,53.606111,53.438937,53.278470,53.124393,52.976413,52.834257,52.697668,52.566409,52.440252,52.318986,52.202408,52.090330,51.982569,51.878953,51.779318,51.683508,51.591374,51.502772,51.417567,51.335626,51.256825,51.181044,51.108166,51.038083,50.970686,50.905875,3
93,3,1,6,5,4,2,2,5,120,59.713431,58.459182,57.658830,57.048577,56.544501,56.109782,55.725037,55.378789,55.063639,54.774491,54.507644,54.260289,54.030215,53.815631,53.615051,53.427219,53.251054,53.085616,52.930076,52.783699,52.645825,52.515862,52.393271,52.277563,52.168291,52.065044,51.967445,51.875146,51.787824,51.705180,51.626938,51.552840,51.482645,51.416129,51.353082,51.293310,51.236629,51.182867,51.131863,51.083466,51.037534,50.993933,50.952539,50.913232,50.875902,50.840445,50.806760,50.774756,50.744343,50.715440,3
113,5,1,6,5,5,1,1,5,748,117.710251,114.629785,112.557256,110.969665,109.683896,108.608674,107.690341,106.894109,106.195870,105.578083,105.027495,104.533801,104.088797,103.685829,103.319424,102.985025,102.678796,102.397490,102.138333,101.898942,101.677263,101.471514,101.280141,101.101790,100.935270,100.779531,100.633648,100.496799,100.368254,100.247359,100.133530,100.026244,99.925027,99.829451,99.739130,99.653712,99.572875,99.496326,99.423795,99.355037,99.289823,99.227942,99.169202,99.113420,99.060430,99.010076,98.962212,98.916702,98.873421,98.832247,5
91,4,1,6,5,5,1,1,5,129,63.025553,61.582611,60.566270,59.742746,59.037920,58.417304,57.861265,57.357191,56.896318,56.472220,56.079993,55.715776,55.376459,55.059483,54.762710,54.484322,54.222761,53.976671,53.744863,53.526285,53.320000,53.125164,52.941017,52.766868,52.602086,52.446092,52.298357,52.158388,52.025731,51.899966,51.780701,51.667569,51.560230,51.458366,51.361676,51.269882,51.182721,51.099944,51.021320,50.946630,50.875668,50.808239,50.744160,50.683258,50.625370,50.570340,50.518022,50.468280,50.420981,50.376003,3
212,3,1,6,4,3,3,1,5,155,57.504291,56.356167,55.592319,55.004865,54.527414,54.127893,53.787262,53.492907,53.235891,53.009597,52.808955,52.629985,52.469505,52.324924,52.194110,52.075290,51.966975,51.867904,51.777006,51.693360,51.616177,51.544773,51.478551,51.416995,51.359650,51.306118,51.256045,51.209122,51.165073,51.123653,51.084641,51.047843,51.013083,50.980204,50.949062,50.919530,50.891491,50.864841,50.839482,50.815328,50.792299,50.770323,50.749332,50.729265,50.710067,50.691684,50.674070,50.657181,50.640975,50.625414,3
43,4,1,6,5,5,1,1,5,59,56.666493,55.052239,53.890826,52.984066,52.254171,51.656678,51.162032,50.749088,50.402047,50.108775,49.859756,49.647422,49.465678,49.309579,49.175072,49.058824,48.958073,48.870519,48.794243,48.727631,48.669328,48.618184,48.573228,48.533633,48.498693,48.467805,48.440451,48.416189,48.394633,48.375453,48.358363,48.343114,48.329490,48.317303,48.306387,48.296600,48.287815,48.279921,48.272821,48.266429,48.260669,48.255474,48.250786,48.246551,48.242723,48.239260,48.236125,48.233286,48.230712,48.228378,4
62,3,1,6,5,5,1,1,5,100,60.157471,58.716568,57.783300,57.056748,56.449041,55.922087,55.455497,55.036810,54.657666,54.312061,53.995462,53.704311,53.435737,53.187364,52.957195,52.743523,52.544874,52.359960,52.187644,52.026920,51.876886,51.736735,51.605735,51.483224,51.368598,51.261308,51.160848,51.066754,50.978598,50.895987,50.818556,50.745966,50.677906,50.614082,50.554225,50.498083,50.445419,50.396016,50.349668,50.306184,50.265386,50.227106,50.191187,50.157484,50.125858,50.096183,50.068336,50.042206,50.017686,49.994678,3
59,3,1,6,5,5,1,1,5,90,59.444143,57.541063,56.475731,55.731419,55.154835,54.681374,54.278366,53.927172,53.616135,53.337429,53.085502,52.856248,52.646525,52.453869,52.276298,52.112194,51.960209,51.819204,51.688203,51.566360,51.452935,51.347270,51.248780,51.156936,51.071261,50.991320,50.916714,50.847078,50.782073,50.721388,50.664733,50.611840,50.562458,50.516357,50.473317,50.433139,50.395631,50.360619,50.327938,50.297433,50.268961,50.242387,50.217586,50.194441,50.172840,50.152683,50.133872,50.116319,50.099939,50.084655,3
40,2,1,6,5,5,1,1,5,85,59.251050,57.374323,56.207376,55.356434,54.683683,54.125337,53.647282,53.229376,52.858769,52.526729,52.227010,51.954944,51.706927,51.480086,51.272080,51.080958,50.905068,50.742989,50.593483,50.455461,50.327957,50.210107,50.101132,50.000329,49.907059,49.820740,49.740837,49.666865,49.598374,49.534951,49.476218,49.421825,49.371447,49.324787,49.281568,49.241536,49.204455,49.170106,49.138288,49.108813,49.081509,49.056214,49.032781,49.011072,48.990959,48.972326,48.955061,48.939065,48.924244,48.910511,3
62,2,1,6,4,5,1,1,5,548,43.591674,43.188001,42.984157,42.828951,42.687655,42.552486,42.422369,42.297564,42.178313,42.064600,41.956210,41.852818,41.754059,41.659576,41.569038,41.482153,41.398666,41.318356,41.241034,41.166533,41.094709,41.025431,40.958583,40.894056,40.831750,40.771571,40.713429,40.657237,40.602914,40.550379,40.499554,40.450364,40.402736,40.356599,40.311883,40.268523,40.226452,40.185609,40.145931,40.107361,40.069842,40.033319,39.997739,39.963052,39.929210,39.896164,39.863872,39.832288,39.801374,39.771088,3
113,3,1,6,5,5,1,1,5,748,117.710251,114.629785,112.557256,110.969665,109.683896,108.608674,107.690341,106.894109,106.195870,105.578083,105.027495,104.533801,104.088797,103.685829,103.319424,102.985025,102.678796,102.397490,102.138333,101.898942,101.677263,101.471514,101.280141,101.101790,100.935270,100.779531,100.633648,100.496799,100.368254,100.247359,100.133530,100.026244,99.925027,99.829451,99.739130,99.653712,99.572875,99.496326,99.423795,99.355037,99.289823,99.227942,99.169202,99.113420,99.060430,99.010076,98.962212,98.916702,98.873421,98.832247,3
45,2,1,6,3,5,1,1,5,73,57.487630,56.332656,55.505071,54.836271,54.271949,53.786046,53.362813,52.991347,52.663488,52.372841,52.114255,51.883495,51.677031,51.491888,51.325535,51.175804,51.040822,50.918966,50.808822,50.709149,50.618858,50.536989,50.462690,50.395208,50.333872,50.278084,50.227309,50.181070,50.138938,50.100529,50.065495,50.033527,50.004343,49.977690,49.953339,49.931083,49.910735,49.892125,49.875099,49.859517,49.845254,49.832193,49.820231,49.809272,49.799229,49.790024,49.781586,49.773848,49.766750,49.760240,2
341,4,1,6,4,5,2,1,5,161,56.052617,55.015006,54.474692,54.118975,53.852561,53.637421,53.455448,53.296805,53.155575,53.027917,52.911190,52.803491,52.703405,52.609849,52.521974,52.439102,52.360683,52.286264,52.215467,52.147973,52.083507,52.021834,51.962750,51.906074,51.851647,51.799328,51.748990,51.700519,51.653811,51.608773,51.565318,51.523367,51.482849,51.443696,51.405846,51.369241,51.333827,51.299555,51.266378,51.234250,51.203132,51.172983,51.143766,51.115448,51.087994,51.061373,51.035557,51.010516,50.986223,50.962653,2
114,3,1,6,4,5,1,1,5,100,56.305952,55.190852,54.537139,54.061265,53.682060,53.365538,53.093711,52.855643,52.644099,52.454024,52.281741,52.124491,51.980152,51.847054,51.723857,51.609467,51.502979,51.403631,51.310774,51.223850,51.142372,51.065913,50.994094,50.926576,50.863057,50.803261,50.746940,50.693865,50.643828,50.596638,50.552118,50.510103,50.470443,50.432996,50.397633,50.364229,50.332671,50.302853,50.274675,50.248043,50.222869,50.199070,50.176570,50.155296,50.135179,50.116155,50.098163,50.081146,50.065050,50.049825,2
463,3,1,6,5,5,1,1,5,201,56.034561,54.980704,54.439498,54.094674,53.845766,53.651425,53.491665,53.355620,53.236826,53.131149,53.035796,52.948789,52.868676,52.794358,52.724984,52.659881,52.598508,52.540424,52.485263,52.432721,52.382541,52.334506,52.288428,52.244146,52.201519,52.160426,52.120759,52.082423,52.045332,52.009413,51.974597,51.940824,51.908039,51.876191,51.845236,51.815132,51.785840,51.757327,51.729558,51.702505,51.676140,51.650436,51.625369,51.600916,51.577057,51.553770,51.531038,51.508842,51.487166,51.465993,2
96,3,1,6,5,5,1,1,5,90,55.307543,54.066463,53.438793,53.030931,52.727783,52.484399,52.279540,52.101725,51.944112,51.802321,51.673388,51.555216,51.446262,51.345353,51.251571,51.164178,51.082568,51.006233,50.934736,50.867701,50.804797,50.745728,50.690230,50.638063,50.589008,50.542867,50.499454,50.458600,50.420147,50.383949,50.349869,50.317781,50.287566,50.259111,50.232314,50.207077,50.183307,50.160919,50.139832,50.119970,50.101261,50.083639,50.067040,50.051405,50.036677,50.022805,50.009737,49.997429,49.985835,49.974914,2
134,3,1,6,5,5,1,1,5,106,56.305317,55.047657,54.342155,53.861076,53.498869,53.209203,52.968054,52.761601,52.581269,52.421412,52.278119,52.148563,52.030629,51.922680,51.823422,51.731807,51.646971,51.568192,51.494859,51.426449,51.362510,51.302647,51.246516,51.193812,51.144264,51.097631,51.053696,51.012264,50.973160,50.936223,50.901308,50.868283,50.837026,50.807425,50.779379,50.752792,50.727578,50.703655,50.680948,50.659388,50.638910,50.619453,50.600961,50.583381,50.566664,50.550763,50.535635,50.521239,50.507537,50.494493,2
286,3,1,6,5,5,1,1,5,137,55.076699,53.819643,53.261644,52.935909,52.712279,52.542708,52.405706,52.290206,52.189882,52.100837,52.020518,51.947179,51.879576,51.816792,51.758135,51.703066,51.651161,51.602076,51.555528,51.511281,51.469138,51.428928,51.390505,51.353741,51.318524,51.284754,51.252342,51.221208,51.191279,51.162492,51.134784,51.108103,51.082396,51.057617,51.033723,51.010674,50.988433,50.966963,50.946232,50.926209,50.906866,50.888174,50.870108,50.852643,50.835756,50.819424,50.803628,50.788347,50.773562,50.759255,2
1197,3,1,6,5,5,1,1,5,272,55.746795,54.634009,54.107097,53.796561,53.586957,53.431886,53.309570,53.208560,53.122283,53.046692,52.979150,52.917863,52.861562,52.809323,52.760454,52.714429,52.670839,52.629358,52.589727,52.551735,52.515208,52.480003,52.445997,52.413090,52.381192,52.350229,52.320135,52.290853,52.262332,52.234529,52.207402,52.180917,52.155042,52.129747,52.105006,52.080795,52.057093,52.033878,52.011132,51.988838,51.966979,51.945541,51.924509,51.903869,51.883611,51.863721,51.844189,51.825005,51.806158,51.787639,2
336,3,1,6,5,5,1,1,5,171,55.782159,54.711567,54.200206,53.879712,53.647313,53.464119,53.312102,53.181577,53.066759,52.963914,52.870498,52.784701,52.705195,52.630981,52.561291,52.495524,52.433203,52.373941,52.317425,52.263393,52.211629,52.161947,52.114191,52.068225,52.023931,51.981206,51.939957,51.900103,51.861570,51.824293,51.788210,51.753266,51.719412,51.686599,51.654786,51.623930,51.593995,51.564945,51.536747,51.509370,51.482784,51.456960,51.431873,51.407498,51.383809,51.360785,51.338404,51.316644,51.295486,51.274910,2
1740,3,1,6,5,5,1,1,5,346,56.066533,55.074301,54.610536,54.335095,54.145808,54.002837,53.887850,53.791297,53.707699,53.633661,53.566957,53.506049,53.449840,53.397517,53.348464,53.302204,53.258357,53.216620,53.176745,53.138526,53.101792,53.066399,53.032222,52.999156,52.967110,52.936005,52.905769,52.876343,52.847672,52.819708,52.792407,52.765731,52.739645,52.714119,52.689122,52.664630,52.640618,52.617065,52.593952,52.571259,52.548969,52.527068,52.505540,52.484372,52.463551,52.443066,52.422905,52.403058,52.383515,52.364268,2
259,3,1,6,5,5,1,1,5,154,56.868796,55.608676,54.971683,54.559789,54.255163,54.011266,53.806121,53.627919,53.469666,53.326895,53.196579,53.076570,52.965278,52.861496,52.764275,52.672856,52.586622,52.505057,52.427730,52.354274,52.284370,52.217744,52.154153,52.093386,52.035252,51.979581,51.926222,51.875036,51.825898,51.778694,51.733320,51.689680,51.647684,51.607253,51.568308,51.530782,51.494606,51.459721,51.426069,51.393596,51.362251,51.331988,51.302760,51.274527,51.247247,51.220883,51.195399,51.170761,51.146936,51.123894,2
1666,3,1,6,5,5,1,1,5,340,56.258051,55.301468,54.838688,54.554990,54.354142,54.198425,54.070446,53.961102,53.865122,53.779206,53.701153,53.629421,53.562890,53.500721,53.442267,53.387019,53.334571,53.284592,53.236812,53.191002,53.146972,53.104560,53.063627,53.024052,52.985732,52.948574,52.912498,52.877432,52.843314,52.810085,52.777694,52.746096,52.715248,52.685113,52.655654,52.626841,52.598644,52.571036,52.543991,52.517487,52.491502,52.466016,52.441010,52.416467,52.392369,52.368703,52.345453,52.322605,52.300147,52.278066,2
1218,5,1,6,5,5,4,1,5,153,56.269706,55.293661,54.747716,54.368873,54.075474,53.833443,53.625876,53.443293,53.279852,53.131677,52.996043,52.870947,52.754863,52.646597,52.545195,52.449875,52.359994,52.275011,52.194468,52.117974,52.045191,51.975825,51.909618,51.846344,51.785800,51.727808,51.672206,51.618849,51.567606,51.518358,51.470996,51.425420,51.381539,51.339269,51.298531,51.259254,51.221369,51.184814,51.149532,51.115466,51.082565,51.050782,51.020070,50.990387,50.961692,50.933946,50.907113,50.881159,50.856051,50.831758,3
328,3,1,6,5,5,1,1,5,143,56.285920,55.276919,54.730565,54.356019,54.064665,53.821585,53.610435,53.422450,53.252385,53.096821,52.953371,52.820285,52.696222,52.580124,52.471134,52.368540,52.271746,52.180239,52.093580,52.011382,51.933307,51.859055,51.788356,51.720970,51.656681,51.595291,51.536623,51.480513,51.426812,51.375383,51.326101,51.278849,51.233519,51.190012,51.148237,51.108105,51.069538,51.032460,50.996802,50.962497,50.929484,50.897706,50.867107,50.837636,50.809245,50.781888,50.755523,50.730107,50.705602,50.681971,2
297,5,1,6,3,5,2,3,5,149,56.270249,55.239808,54.675257,54.289669,53.994809,53.753914,53.548681,53.368834,53.208088,53.062333,52.928747,52.805304,52.690498,52.583177,52.482436,52.387549,52.297921,52.213056,52.132536,52.056003,51.983149,51.913702,51.847424,51.784104,51.723551,51.665596,51.610084,51.556875,51.505840,51.456861,51.409831,51.364649,51.321223,51.279465,51.239297,51.200642,51.163431,51.127598,51.093082,51.059823,51.027768,50.996865,50.967065,50.938323,50.910593,50.883836,50.858012,50.833084,50.809015,50.785774,4
311,5,1,6,5,5,1,3,5,126,55.275980,54.142804,53.569369,53.201328,52.931444,52.717455,52.539378,52.386357,52.251852,52.131616,52.022741,51.923146,51.831298,51.746037,51.666464,51.591868,51.521680,51.455434,51.392746,51.333292,51.276799,51.223032,51.171786,51.122884,51.076169,51.031501,50.988755,50.947819,50.908591,50.870978,50.834895,50.800265,50.767016,50.735081,50.704398,50.674910,50.646562,50.619305,50.593091,50.567875,50.543615,50.520272,50.497807,50.476185,50.455373,50.435337,50.416047,50.397475,50.379592,50.362371,4
229,5,1,6,3,5,1,2,5,158,57.150268,56.159287,55.589741,55.183631,54.861042,54.589430,54.352755,54.141879,53.951024,53.776260,53.614776,53.464484,53.323789,53.191443,53.066453,52.948011,52.835457,52.728240,52.625894,52.528026,52.434296,52.344410,52.258111,52.175173,52.095394,52.018595,51.944614,51.873306,51.804538,51.738189,51.674147,51.612310,51.552582,51.494875,51.439107,51.385200,51.333081,51.282683,51.233941,51.186793,51.141183,51.097055,51.054356,51.013037,50.973051,50.934351,50.896895,50.860640,50.825547,50.791577,3
250,5,1,6,5,1,1,2,5,86,54.239506,53.184156,52.653260,52.305141,52.044829,51.835780,51.660631,51.509810,51.377463,51.259733,51.153931,51.058100,50.970760,50.890760,50.817183,50.749282,50.686441,50.628141,50.573942,50.523465,50.476382,50.432406,50.391285,50.352793,50.316731,50.282919,50.251195,50.221412,50.193436,50.167147,50.142431,50.119186,50.097319,50.076740,50.057370,50.039134,50.021962,50.005788,49.990553,49.976201,49.962678,49.949935,49.937927,49.926609,49.915942,49.905888,49.896410,49.887475,49.879052,49.871112,3
109,5,1,6,4,5,2,3,5,84,54.973099,53.981157,53.407597,53.000736,52.679252,52.409750,52.176134,51.969551,51.784554,51.617475,51.465659,51.327080,51.200132,51.083505,50.976104,50.877003,50.785406,50.700622,50.622046,50.549145,50.481443,50.418519,50.359991,50.305518,50.254790,50.207524,50.163465,50.122379,50.084050,50.048283,50.014896,49.983722,49.954609,49.927413,49.902003,49.878259,49.856067,49.835322,49.815928,49.797794,49.780837,49.764978,49.750145,49.736269,49.723289,49.711146,49.699783,49.689152,49.679203,49.669893,3
101,4,1,6,4,4,1,2,5,92,57.015845,55.795494,54.992605,54.383430,53.891415,53.479744,53.127170,52.820027,52.548907,52.307034,52.089370,51.892079,51.712183,51.547329,51.395631,51.255557,51.125844,51.005438,50.893451,50.789122,50.691796,50.600900,50.515931,50.436441,50.362032,50.292342,50.227046,50.165845,50.108468,50.054663,50.004201,49.956866,49.912463,49.870805,49.831722,49.795053,49.760649,49.728371,49.698086,49.669674,49.643018,49.618012,49.594554,49.572549,49.551908,49.532548,49.514390,49.497360,49.481389,49.466412,3
99,4,1,6,5,5,2,1,5,62,54.652645,53.640017,52.945443,52.414582,51.987731,51.634619,51.337100,51.083097,50.864041,50.673588,50.506910,50.360241,50.230594,50.115560,50.013167,49.921783,49.840043,49.766788,49.701034,49.641932,49.588748,49.540841,49.497651,49.458686,49.423510,49.391736,49.363022,49.337063,49.313585,49.292343,49.273120,49.255718,49.239962,49.225691,49.212764,49.201052,49.190438,49.180818,49.172097,49.164191,49.157021,49.150518,49.144620,49.139269,49.134415,49.130009,49.126011,49.122382,49.119088,49.116097,3
40,3,1,6,3,5,1,2,5,82,54.911499,54.051364,53.516021,53.107023,52.769474,52.481090,52.230119,52.009162,51.813024,51.637813,51.480489,51.338616,51.210201,51.093591,50.987400,50.890453,50.801744,50.720410,50.645701,50.576967,50.513635,50.455202,50.401223,50.351305,50.305095,50.262278,50.222572,50.185722,50.151500,50.119697,50.090124,50.062611,50.037001,50.013152,49.990932,49.970222,49.950913,49.932903,49.916100,49.900417,49.885777,49.872106,49.859338,49.847408,49.836261,49.825842,49.816103,49.806996,49.798480,49.790514,3
89,3,1,6,2,4,3,3,5,66,53.401555,52.564904,52.118569,51.802832,51.552188,51.342211,51.161252,51.002706,50.862336,50.737162,50.624960,50.523987,50.432836,50.350342,50.275525,50.207550,50.145696,50.089338,50.037928,49.990985,49.948083,49.908844,49.872929,49.840038,49.809900,49.782272,49.756932,49.733684,49.712347,49.692758,49.674770,49.658247,49.643067,49.629118,49.616298,49.604514,49.593680,49.583719,49.574559,49.566135,49.558387,49.551261,49.544705,49.538674,49.533125,49.528020,49.523323,49.519000,49.515023,49.511362,3
69,3,1,6,3,5,1,2,5,362,56.242662,55.228435,54.751579,54.469185,54.276520,54.132083,54.016553,53.919825,53.836119,53.761895,53.694860,53.633455,53.576583,53.523443,53.473436,53.426101,53.381076,53.338075,53.296862,53.257246,53.219066,53.182188,53.146498,53.111896,53.078298,53.045631,53.013829,52.982836,52.952600,52.923076,52.894225,52.866009,52.838396,52.811355,52.784861,52.758887,52.733411,52.708412,52.683871,52.659769,52.636091,52.612820,52.589943,52.567445,52.545315,52.523541,52.502111,52.481015,52.460243,52.439785,3
1589,2,1,6,2,5,2,1,5,399,57.144158,56.318648,55.898337,55.621465,55.413599,55.245420,55.102848,54.978142,54.866620,54.765248,54.671956,54.585270,54.504109,54.427653,54.355268,54.286451,54.220798,54.157976,54.097709,54.039763,53.983939,53.930066,53.877994,53.827593,53.778745,53.731350,53.685313,53.640553,53.596994,53.554569,53.513216,53.472878,53.433504,53.395046,53.357460,53.320705,53.284745,53.249544,53.215070,53.181294,53.148186,53.115720,53.083873,53.052621,53.021942,52.991816,52.962224,52.933148,52.904570,52.876476,3
1301,2,1,6,5,5,1,2,5,173,55.845469,54.709410,54.135474,53.772949,53.512284,53.309354,53.142991,53.001646,52.878402,52.768824,52.669920,52.579588,52.496300,52.418916,52.346565,52.278568,52.214385,52.153578,52.095790,52.040725,51.988132,51.937801,51.889548,51.843217,51.798672,51.755790,51.714467,51.674606,51.636123,51.598941,51.562991,51.528209,51.494538,51.461926,51.430322,51.399683,51.369966,51.341133,51.313147,51.285975,51.259585,51.233947,51.209034,51.184819,51.161276,51.138383,51.116117,51.094456,51.073381,51.052873,3
423,2,1,6,2,4,1,1,5,138,55.485960,54.420686,53.867788,53.507427,53.240670,53.027776,52.849765,52.696305,52.561178,52.440342,52.331012,52.231178,52.139336,52.054332,51.975257,51.901379,51.832105,51.766941,51.705475,51.647358,51.592293,51.540022,51.490321,51.442994,51.397869,51.354794,51.313630,51.274256,51.236561,51.200444,51.165816,51.132592,51.100697,51.070060,51.040617,51.012307,50.985076,50.958872,50.933646,50.909353,50.885952,50.863403,50.841668,50.820713,50.800505,50.781012,50.762205,50.744056,50.726540,50.709629,3
303,5,1,6,5,5,3,1,5,160,55.345452,54.395093,53.905818,53.585390,53.347305,53.156696,52.996725,52.858177,52.735520,52.625188,52.524752,52.432481,52.347090,52.267604,52.193255,52.123431,52.057634,51.995451,51.936534,51.880589,51.827365,51.776642,51.728230,51.681960,51.637684,51.595269,51.554596,51.515558,51.478059,51.442009,51.407328,51.373944,51.341787,51.310797,51.280913,51.252084,51.224260,51.197393,51.171441,51.146362,51.122120,51.098678,51.076002,51.054061,51.032825,51.012266,50.992357,50.973072,50.954388,50.936282,5
364,5,1,6,5,5,2,1,5,119,55.303216,54.260931,53.724159,53.370669,53.103566,52.885341,52.698677,52.534395,52.387076,52.253245,52.130522,52.017194,51.911974,51.813862,51.722060,51.635917,51.554889,51.478519,51.406411,51.338225,51.273661,51.212455,51.154372,51.099202,51.046753,50.996855,50.949351,50.904098,50.860964,50.819830,50.780584,50.743122,50.707351,50.673180,50.640528,50.609317,50.579474,50.550933,50.523630,50.497505,50.472501,50.448567,50.425653,50.403710,50.382695,50.362566,50.343283,50.324807,50.307103,50.290137,5
210,4,1,6,5,5,1,1,5,150,56.528609,55.518333,54.971192,54.594704,54.302722,54.060867,53.852386,53.667894,53.501602,53.349682,53.209473,53.079049,52.956969,52.842125,52.733647,52.630837,52.533123,52.440032,52.351168,52.266192,52.184813,52.106779,52.031871,51.959893,51.890673,51.824055,51.759900,51.698082,51.638486,51.581007,51.525548,51.472020,51.420340,51.370430,51.322219,51.275639,51.230627,51.187122,51.145069,51.104414,51.065105,51.027095,50.990338,50.954789,50.920407,50.887152,50.854985,50.823869,50.793770,50.764652,4
243,4,1,6,5,5,1,1,5,80,54.432314,53.187050,52.608067,52.258143,52.009416,51.814498,51.652621,51.513364,51.390875,51.281546,51.182975,51.093460,51.011728,50.936794,50.867867,50.804295,50.745533,50.691117,50.640647,50.593773,50.550189,50.509623,50.471832,50.436600,50.403730,50.373046,50.344388,50.317609,50.292575,50.269164,50.247263,50.226769,50.207586,50.189627,50.172809,50.157057,50.142301,50.128476,50.115521,50.103380,50.092000,50.081333,50.071333,50.061957,50.053167,50.044924,50.037194,50.029945,50.023146,50.016769,4
106,4,1,6,5,5,2,1,5,99,56.068845,55.290453,54.734257,54.278734,53.888679,53.547491,53.245238,52.975137,52.732178,52.512481,52.312939,52.131014,51.964598,51.811923,51.671486,51.542004,51.422372,51.311630,51.208944,51.113581,51.024895,50.942316,50.865334,50.793497,50.726396,50.663666,50.604976,50.550026,50.498544,50.450282,50.405013,50.362530,50.322641,50.285173,50.249963,50.216863,50.185735,50.156452,50.128896,50.102956,50.078532,50.055529,50.033859,50.013439,49.994192,49.976049,49.958941,49.942807,49.927588,49.913229,4
105,4,1,6,5,5,1,1,5,76,55.002949,53.699498,52.975755,52.495603,52.143865,51.869720,51.647067,51.460951,51.302066,51.164241,51.043185,50.935796,50.839762,50.753314,50.675073,50.603940,50.539025,50.479597,50.425048,50.374866,50.328612,50.285909,50.246431,50.209890,50.176034,50.144637,50.115499,50.088438,50.063294,50.039917,50.018175,49.997946,49.979118,49.961588,49.945264,49.930058,49.915892,49.902692,49.890391,49.878925,49.868237,49.858272,49.848982,49.840320,49.832242,49.824709,49.817683,49.811131,49.805020,49.799320,4
85,2,1,6,5,5,1,1,5,93,54.255873,53.275393,52.763319,52.424548,52.168633,51.960406,51.783623,51.629661,51.493375,51.371405,51.261384,51.161557,51.070559,50.987300,50.910885,50.840569,50.775715,50.715781,50.660294,50.608841,50.561060,50.516630,50.475265,50.436710,50.400734,50.367134,50.335721,50.306327,50.278801,50.253002,50.228803,50.206090,50.184755,50.164702,50.145842,50.128093,50.111379,50.095631,50.080785,50.066782,50.053567,50.041090,50.029304,50.018165,50.007633,49.997670,49.988242,49.979317,49.970864,49.962855,4
67,3,1,6,5,5,1,1,5,93,55.357134,54.263567,53.644337,53.211074,52.875671,52.600654,52.366930,52.163542,51.983614,51.822528,51.677009,51.544631,51.423536,51.312263,51.209633,51.114678,51.026594,50.944699,50.868411,50.797229,50.730714,50.668484,50.610198,50.555555,50.504284,50.456142,50.410908,50.368383,50.328385,50.290748,50.255317,50.221953,50.190526,50.160915,50.133010,50.106705,50.081906,50.058522,50.036470,50.015671,49.996052,49.977545,49.960085,49.943611,49.928068,49.913401,49.899561,49.886501,49.874177,49.862546,3
107,2,1,6,5,4,2,2,5,107,55.916813,54.435789,53.664102,53.162845,52.797519,52.513270,52.282964,52.091173,51.928216,51.787578,51.664652,51.556059,51.459251,51.372266,51.293567,51.221932,51.156377,51.096100,51.040443,50.988859,50.940891,50.896152,50.854315,50.815099,50.778263,50.743595,50.710913,50.680056,50.650883,50.623266,50.597095,50.572269,50.548697,50.526296,50.504994,50.484723,50.465420,50.447029,50.429499,50.412780,50.396828,50.381603,50.367066,50.353181,50.339915,50.327236,50.315116,50.303527,50.292443,50.281841,3
141,3,1,6,3,5,1,1,5,79,55.153823,54.019490,53.363973,52.904896,52.550356,52.260881,52.016304,51.804957,51.619450,51.454777,51.307364,51.174552,51.054292,50.944959,50.845236,50.754033,50.670433,50.593657,50.523031,50.457970,50.397962,50.342553,50.291342,50.243971,50.200118,50.159495,50.121841,50.086919,50.054515,50.024435,49.996499,49.970546,49.946427,49.924005,49.903155,49.883762,49.865720,49.848930,49.833303,49.818755,49.805210,49.792596,49.780847,49.769903,49.759708,49.750208,49.741355,49.733105,49.725414,49.718246,2
93,3,1,6,5,5,1,1,5,120,26.822854,26.080276,25.711666,25.485099,25.327833,25.209844,25.116563,25.040044,24.975544,24.920033,24.871463,24.828395,24.789780,24.754832,24.722950,24.693662,24.666593,24.641443,24.617965,24.595956,24.575247,24.555695,24.537182,24.519603,24.502873,24.486914,24.471663,24.457062,24.443060,24.429615,24.416688,24.404244,24.392253,24.380686,24.369521,24.358734,24.348306,24.338217,24.328453,24.318997,24.309835,24.300955,24.292344,24.283992,24.275888,24.268023,24.260387,24.252973,24.245771,24.238776,4
170,3,1,6,4,5,1,1,5,140,63.023159,61.316815,60.216729,59.393533,58.730850,58.172499,57.687011,57.255176,56.864566,56.506780,56.175922,55.867726,55.579011,55.307344,55.050821,54.807920,54.577397,54.358222,54.149527,53.950565,53.760694,53.579346,53.406020,53.240266,53.081681,52.929894,52.784568,52.645392,52.512077,52.384355,52.261974,52.144700,52.032310,51.924596,51.821359,51.722411,51.627574,51.536678,51.449560,51.366066,51.286047,51.209363,51.135879,51.065463,50.997992,50.933346,50.871412,50.812078,50.755240,50.700797,2
98,3,1,6,4,5,1,1,5,106,60.088194,58.486504,57.421417,56.590247,55.897727,55.300657,54.775062,54.305873,53.882825,53.498515,53.147382,52.825109,52.528253,52.254005,52.000034,51.764368,51.545323,51.341436,51.151428,50.974171,50.808660,50.653995,50.509366,50.374039,50.247349,50.128688,50.017498,49.913269,49.815531,49.723851,49.637829,49.557093,49.481300,49.410132,49.343292,49.280505,49.221514,49.166080,49.113980,49.065006,49.018964,48.975672,48.934961,48.896671,48.860654,48.826772,48.794895,48.764899,48.736672,48.710107,2
58,3,1,6,4,5,1,1,5,122,62.593247,60.745786,59.559930,58.674096,57.958550,57.352523,56.823171,56.350961,55.923416,55.532110,55.171087,54.835974,54.523454,54.230940,53.956362,53.698029,53.454529,53.224668,53.007417,52.801877,52.607259,52.422858,52.248039,52.082228,51.924902,51.775581,51.633822,51.499215,51.371378,51.249956,51.134615,51.025043,50.920947,50.822050,50.728090,50.638821,50.554009,50.473434,50.396885,50.324164,50.255082,50.189459,50.127125,50.067919,50.011686,49.958279,49.907559,49.859393,49.813656,49.770227,2
86,3,1,6,4,5,1,1,5,201,59.955764,58.700031,57.979278,57.469623,57.070432,56.738822,56.452906,56.200084,55.972450,55.764727,55.573213,55.395215,55.228710,55.072142,54.924283,54.784150,54.650937,54.523980,54.402719,54.286679,54.175450,54.068678,53.966054,53.867302,53.772181,53.680472,53.591979,53.506527,53.423954,53.344113,53.266869,53.192100,53.119691,53.049536,52.981537,52.915603,52.851648,52.789593,52.729362,52.670886,52.614098,52.558935,52.505338,52.453253,52.402625,52.353404,52.305543,52.258997,52.213721,52.169675,2
326,2,1,6,2,3,3,1,5,166,58.988850,57.815205,57.110556,56.602268,56.200812,55.866140,55.577175,55.321586,55.091587,54.881962,54.689044,54.510157,54.343279,54.186844,54.039608,53.900566,53.768889,53.643888,53.524977,53.411658,53.303498,53.200122,53.101198,53.006434,52.915570,52.828372,52.744628,52.664146,52.586754,52.512291,52.440610,52.371575,52.305063,52.240956,52.179145,52.119530,52.062016,52.006512,51.952936,51.901209,51.851256,51.803006,51.756392,51.711351,51.667823,51.625750,51.585078,51.545755,51.507730,51.470958,2
255,3,1,6,4,4,1,1,5,120,60.235243,58.870471,57.985762,57.309338,56.750934,56.270282,55.846014,55.465300,55.119703,54.803300,54.511725,54.241640,53.990423,53.755966,53.536539,53.330701,53.137235,52.955099,52.783388,52.621313,52.468176,52.323359,52.186303,52.056508,51.933519,51.816922,51.706335,51.601410,51.501825,51.407279,51.317496,51.232218,51.151203,51.074224,51.001072,50.931547,50.865461,50.802641,50.742919,50.686140,50.632155,50.580825,50.532018,50.485609,50.441478,50.399514,50.359610,50.321664,50.285581,50.251269,2
112,4,1,6,4,4,1,1,5,92,60.453995,58.337366,56.946048,55.904922,55.069225,54.368420,53.763469,53.230837,52.755380,52.326809,51.937795,51.582900,51.257928,50.959543,50.685013,50.432046,50.198683,49.983223,49.784163,49.600167,49.430035,49.272677,49.127107,48.992419,48.867786,48.752446,48.645698,48.546895,48.455440,48.370783,48.292412,48.219857,48.152682,48.090483,48.032886,47.979548,47.930148,47.884392,47.842005,47.802736,47.766350,47.732632,47.701382,47.672415,47.645561,47.620662,47.597571,47.576155,47.556288,47.537856,2
35,4,1,6,4,4,1,1,5,82,59.528182,57.732326,56.610832,55.776000,55.101035,54.529382,54.031255,53.589146,53.191896,52.831922,52.503792,52.203433,51.927672,51.673951,51.440152,51.224476,51.025367,50.841458,50.671533,50.514497,50.369361,50.235221,50.111250,49.996689,49.890836,49.793045,49.702718,49.619299,49.542276,49.471171,49.405543,49.344981,49.289106,49.237563,49.190026,49.146192,49.105778,49.068523,49.034187,49.002545,48.973390,48.946531,48.921788,48.899000,48.878012,48.858686,48.840892,48.824509,48.809428,48.795545,3
39,5,1,6,3,4,2,2,5,90,61.585290,59.792893,58.631998,57.745444,57.018102,56.396139,55.850026,55.361951,54.920400,54.517506,54.147630,53.806566,53.491055,53.198498,52.926756,52.674033,52.438787,52.219670,52.015490,51.825178,51.647768,51.482377,51.328195,51.184477,51.050530,50.925712,50.809424,50.701107,50.600239,50.506331,50.418923,50.337589,50.261924,50.191552,50.126120,50.065296,50.008769,49.956248,49.907460,49.862152,49.820082,49.781029,49.744783,49.711149,49.679945,49.650999,49.624153,49.599259,49.576178,49.554781,3
55,4,1,6,3,4,2,1,5,91,59.398886,57.530336,56.332604,55.446370,54.741900,54.156177,53.654019,53.214019,52.822345,52.469624,52.149252,51.856409,51.587461,51.339587,51.110535,50.898461,50.701820,50.519292,50.349730,50.192121,50.045561,49.909237,49.782408,49.664399,49.554588,49.452402,49.357312,49.268827,49.186490,49.109879,49.038598,48.972281,48.910584,48.853191,48.799802,48.750142,48.703952,48.660992,48.621036,48.583877,48.549320,48.517182,48.487296,48.459503,48.433657,48.409622,48.387271,48.366485,48.347155,48.329179,3
64,4,1,6,2,3,2,3,5,200,59.490470,58.551056,57.958066,57.514096,57.151834,56.840954,56.565583,56.316507,56.087938,55.876003,55.677973,55.491845,55.316094,55.149527,54.991186,54.840286,54.696174,54.558294,54.426173,54.299397,54.177605,54.060478,53.947731,53.839110,53.734384,53.633343,53.535797,53.441572,53.350507,53.262454,53.177275,53.094844,53.015040,52.937754,52.862881,52.790324,52.719991,52.651796,52.585657,52.521497,52.459243,52.398827,52.340182,52.283245,52.227959,52.174265,52.122110,52.071442,52.022213,51.974374,2
332,4,1,6,5,5,1,1,5,133,61.143365,59.478788,58.432429,57.671690,57.074796,56.582469,56.162051,55.794017,55.465928,55.169432,54.898670,54.649382,54.418369,54.203171,54.001851,53.812857,53.634922,53.466998,53.308205,53.157795,53.015123,52.879632,52.750828,52.628279,52.511594,52.400424,52.294452,52.193388,52.096966,52.004942,51.917089,51.833196,51.753067,51.676517,51.603374,51.533477,51.466671,51.402812,51.341764,51.283398,51.227592,51.174228,51.123197,51.074393,51.027717,50.983075,50.940374,50.899530,50.860460,50.823085,2
125,5,1,6,4,4,1,2,5,80,57.917183,56.460610,55.562524,54.892477,54.349781,53.890233,53.490573,53.137024,52.820685,52.535399,52.276673,52.041077,51.825896,51.628916,51.448287,51.282433,51.129988,50.989756,50.860676,50.741802,50.632282,50.531349,50.438305,50.352516,50.273404,50.200439,50.133138,50.071055,50.013783,49.960947,49.912202,49.867230,49.825739,49.787458,49.752141,49.719558,49.689497,49.661764,49.636178,49.612575,49.590801,49.570715,49.552187,49.535095,49.519329,49.504787,49.491374,49.479002,49.467591,49.457066,4
48,4,1,6,4,5,1,1,5,98,58.591150,57.386106,56.603829,55.992548,55.480021,55.034966,54.640543,54.286356,53.965366,53.672493,53.403898,53.156577,52.928115,52.716530,52.520160,52.337593,52.167614,52.009162,51.861306,51.723218,51.594157,51.473460,51.360523,51.254799,51.155788,51.063032,50.976111,50.894637,50.818251,50.746622,50.679443,50.616428,50.557311,50.501846,50.449802,50.400964,50.355130,50.312115,50.271741,50.233846,50.198275,50.164886,50.133542,50.104119,50.076498,50.050568,50.026225,50.003371,49.981916,49.961774,2
74,4,1,6,5,5,1,1,5,78,59.632804,57.875777,56.833456,56.072118,55.464179,54.954691,54.515106,54.128729,53.784893,53.476279,53.197576,52.944747,52.714617,52.504606,52.312580,52.136728,51.975499,51.827543,51.691672,51.566834,51.452086,51.346585,51.249565,51.160333,51.078260,51.002767,50.933330,50.869463,50.810724,50.756705,50.707032,50.661358,50.619366,50.580763,50.545278,50.512665,50.482692,50.455149,50.429841,50.406589,50.385227,50.365603,50.347577,50.331019,50.315811,50.301843,50.289015,50.277234,50.266414,50.256478,3
51,3,1,6,4,5,1,1,5,91,58.145394,56.565221,55.548266,54.801220,54.213954,53.732222,53.325567,52.975310,52.669196,52.398734,52.157779,51.941717,51.746973,51.570710,51.410623,51.264807,51.131664,51.009835,50.898152,50.795603,50.701304,50.614476,50.534432,50.460559,50.392313,50.329205,50.270797,50.216692,50.166535,50.120003,50.076802,50.036668,49.999358,49.964652,49.932350,49.902266,49.874235,49.848101,49.823724,49.800974,49.779734,49.759893,49.741351,49.724015,49.707801,49.692630,49.678428,49.665130,49.652673,49.641000,3
53,3,1,6,4,4,1,1,5,528,59.238784,58.326391,57.785100,57.409920,57.127554,56.903242,56.718003,56.560479,56.423420,56.301963,56.192721,56.093258,56.001777,55.916922,55.837651,55.763144,55.692751,55.625945,55.562295,55.501447,55.443100,55.387005,55.332945,55.280737,55.230220,55.181258,55.133727,55.087521,55.042545,54.998714,54.955954,54.914197,54.873383,54.833456,54.794366,54.756070,54.718524,54.681693,54.645540,54.610036,54.575150,54.540855,54.507127,54.473943,54.441281,54.409121,54.377445,54.346234,54.315474,54.285149,3
1975,3,1,6,3,2,2,1,4,377,62.648815,61.558112,60.830095,60.263912,59.793580,59.388048,59.029833,58.708000,58.415224,58.146348,57.897592,57.666092,57.449623,57.246407,57.054998,56.874197,56.702994,56.540528,56.386057,56.238934,56.098590,55.964523,55.836285,55.713476,55.595734,55.482735,55.374182,55.269808,55.169365,55.072630,54.979394,54.889468,54.802676,54.718855,54.637853,54.559532,54.483760,54.410415,54.339384,54.270560,54.203844,54.139142,54.076365,54.015432,53.956264,53.898789,53.842935,53.788639,53.735837,53.684471,3
706,2,1,6,5,5,1,1,5,613,60.381203,59.352027,58.766203,58.362648,58.057265,57.812651,57.609012,57.434655,57.282128,57.146421,57.024018,56.912374,56.809590,56.714222,56.625146,56.541471,56.462484,56.387603,56.316348,56.248320,56.183181,56.120647,56.060473,56.002449,55.946390,55.892138,55.839553,55.788510,55.738899,55.690623,55.643594,55.597733,55.552970,55.509240,55.466486,55.424654,55.383697,55.343569,55.304231,55.265645,55.227777,55.190595,55.154070,55.118174,55.082883,55.048172,55.014020,54.980406,54.947312,54.914718,2
227,5,4,6,4,2,2,2,5,127,56.470410,55.417908,54.800589,54.357921,54.009493,53.721089,53.474795,53.259859,53.069238,52.898031,52.742691,52.600564,52.469622,52.348279,52.235278,52.129607,52.030437,51.937087,51.848986,51.765653,51.686679,51.611710,51.540442,51.472608,51.407971,51.346324,51.287480,51.231271,51.177546,51.126167,51.077008,51.029952,50.984894,50.941734,50.900380,50.860748,50.822756,50.786329,50.751397,50.717893,50.685755,50.654922,50.625339,50.596953,50.569711,50.543567,50.518474,50.494389,50.471269,50.449075,2
2628,3,1,6,4,2,2,1,5,318,61.756838,60.497123,59.687819,59.080402,58.589069,58.173985,57.813477,57.494392,57.208073,56.948466,56.711141,56.492734,56.290626,56.102725,55.927333,55.763049,55.608700,55.463294,55.325984,55.196038,55.072821,54.955774,54.844408,54.738287,54.637024,54.540270,54.447713,54.359072,54.274090,54.192535,54.114195,54.038875,53.966399,53.896602,53.829333,53.764453,53.701834,53.641355,53.582907,53.526384,53.471692,53.418741,53.367446,53.317730,53.269518,53.222742,53.177338,53.133243,53.090402,53.048759,3
586,5,1,6,5,4,1,5,4,157,63.689732,61.763052,60.399490,59.311334,58.394153,57.595963,56.886562,56.246669,55.663160,55.126664,54.630239,54.168580,53.737524,53.333731,52.954465,52.597451,52.260763,51.942754,51.641996,51.357236,51.087368,50.831407,50.588465,50.357742,50.138507,49.930093,49.731885,49.543315,49.363859,49.193025,49.030359,48.875431,48.727842,48.587216,48.453198,48.325455,48.203672,48.087551,47.976811,47.871188,47.770428,47.674294,47.582560,47.495012,47.411447,47.331671,47.255504,47.182770,47.113307,47.046956,4
41,5,1,6,3,4,3,2,4,666,58.134275,57.206541,56.669618,56.304307,56.034119,55.822824,55.650681,55.505958,55.381232,55.271587,55.173637,55.084976,55.003848,54.928943,54.859259,54.794020,54.732611,54.674540,54.619407,54.566881,54.516689,54.468600,54.422416,54.377970,54.335115,54.293726,54.253690,54.214911,54.177301,54.140782,54.105286,54.070749,54.037115,54.004333,53.972356,53.941142,53.910651,53.880847,53.851698,53.823172,53.795242,53.767880,53.741063,53.714768,53.688973,53.663658,53.638805,53.614397,53.590416,53.566847,3
3329,5,1,6,2,2,2,2,5,332,61.191003,59.925417,59.107455,58.497404,58.008924,57.600631,57.249368,56.940861,56.665698,56.417362,56.191153,55.983572,55.791937,55.614143,55.448501,55.293634,55.148396,55.011822,54.883090,54.761491,54.646408,54.537301,54.433692,54.335157,54.241317,54.151830,54.066391,53.984721,53.906570,53.831706,53.759920,53.691022,53.624833,53.561194,53.499954,53.440976,53.384133,53.329307,53.276389,53.225276,53.175876,53.128099,53.081864,53.037095,52.993719,52.951671,52.910886,52.871308,52.832879,52.795549,3
768,5,1,6,2,4,4,2,4,75,60.730048,58.869923,57.655079,56.721173,55.952499,55.296113,54.722869,54.214801,53.759920,53.349732,52.977935,52.639672,52.331083,52.049019,51.790846,51.554320,51.337496,51.138663,50.956301,50.789044,50.635655,50.495011,50.366083,50.247930,50.139686,50.040553,49.949797,49.866740,49.790755,49.721267,49.657742,49.599688,49.546653,49.498219,49.454001,49.413644,49.376823,49.343236,49.312609,49.284688,49.259240,49.236051,49.214927,49.195686,49.178165,49.162213,49.147692,49.134477,49.122451,49.111510,2
788,5,1,6,3,3,4,3,5,153,65.022143,63.441874,62.420676,61.631763,60.969038,60.386763,59.861660,59.380310,58.934183,58.517446,58.125881,57.756308,57.406255,57.073747,56.757178,56.455214,56.166732,55.890774,55.626513,55.373225,55.130272,54.897086,54.673158,54.458026,54.251270,54.052505,53.861374,53.677550,53.500724,53.330610,53.166937,53.009452,52.857914,52.712096,52.571780,52.436761,52.306841,52.181832,52.061554,51.945834,51.834506,51.727411,51.624394,51.525309,51.430014,51.338370,51.250246,51.165515,51.084053,51.005741,4
114,3,1,3,5,5,1,1,5,125,62.301940,60.509801,59.365537,58.509277,57.818556,57.236204,56.730813,56.283292,55.881194,55.515955,55.181427,54.873033,54.587265,54.321358,54.073091,53.840637,53.622474,53.417315,53.224053,53.041733,52.869516,52.706664,52.552520,52.406496,52.268062,52.136740,52.012094,51.893725,51.781267,51.674385,51.572767,51.476126,51.384192,51.296718,51.213469,51.134228,51.058790,50.986964,50.918569,50.853434,50.791399,50.732313,50.676033,50.622422,50.571352,50.522701,50.476354,50.432202,50.390139,50.350068,1
100,5,1,6,3,4,2,2,5,193,62.256214,60.516301,59.444006,58.669276,58.063448,57.566532,57.145755,56.781260,56.460098,56.173351,55.914603,55.679086,55.463154,55.263957,55.079223,54.907113,54.746118,54.594984,54.452658,54.318249,54.190995,54.070243,53.955425,53.846046,53.741676,53.641931,53.546476,53.455009,53.367264,53.283000,53.202001,53.124071,53.049033,52.976726,52.907003,52.839728,52.774778,52.712038,52.651403,52.592776,52.536064,52.481185,52.428058,52.376611,52.326774,52.278482,52.231674,52.186293,52.142285,52.099597,4
195,5,1,6,3,4,2,2,5,133,60.801144,59.265824,58.350727,57.676867,57.131145,56.665939,56.256997,55.890337,55.557137,55.251440,54.968996,54.706640,54.461929,54.232923,54.018042,53.815975,53.625612,53.446004,53.276322,53.115842,52.963919,52.819980,52.683505,52.554027,52.431116,52.314382,52.203466,52.098035,51.997782,51.902422,51.811689,51.725336,51.643131,51.564856,51.490309,51.419298,51.351644,51.287176,51.225736,51.167171,51.111341,51.058110,51.007352,50.958945,50.912775,50.868734,50.826720,50.786636,50.748388,50.711890,5
18,5,1,6,3,3,2,2,5,34,51.123026,49.723102,49.044787,48.629406,48.343293,48.133266,47.973159,47.848121,47.748866,47.669171,47.604652,47.552104,47.509109,47.473810,47.444749,47.420774,47.400959,47.384560,47.370970,47.359696,47.350336,47.342558,47.336089,47.330706,47.326223,47.322488,47.319374,47.316776,47.314609,47.312798,47.311286,47.310023,47.308966,47.308082,0,0,0,0,0,0,0,0,0,0,0,0,0,0,0,0,3
131,5,1,6,3,2,4,4,5,109,61.676509,60.157213,59.110588,58.269999,57.554606,56.927626,56.368347,55.863495,55.403837,54.982591,54.594584,54.235756,53.902843,53.593172,53.304514,53.034983,52.782959,52.547034,52.325972,52.118677,51.924168,51.741558,51.570047,51.408901,51.257450,51.115076,50.981208,50.855317,50.736912,50.625537,50.520764,50.422196,50.329460,50.242208,50.160112,50.082866,50.010182,49.941791,49.877438,49.816884,49.759906,49.706291,49.655843,49.608373,49.563707,49.521678,49.482131,49.444921,49.409908,49.376963,1
59,3,1,6,5,5,1,1,5,100,60.457169,59.020756,58.049764,57.288109,56.653618,56.107196,55.626568,55.197601,54.810657,54.458808,54.136881,53.840889,53.567683,53.314720,53.079910,52.861502,52.658012,52.468164,52.290846,52.125080,51.969998,51.824823,51.688853,51.561455,51.442046,51.330097,51.225119,51.126660,51.034303,50.947661,50.866374,50.790106,50.718545,50.651399,50.588395,50.529276,50.473805,50.421757,50.372923,50.327104,50.284116,50.243787,50.205953,50.170461,50.137167,50.105938,50.076646,50.049173,50.023407,49.999243,2
54,5,1,3,5,5,1,1,5,59,57.270840,55.935926,54.941876,54.136800,53.467505,52.902745,52.421288,52.007726,51.650416,51.340297,51.070157,50.834151,50.627469,50.446105,50.286691,50.146371,50.022707,49.913605,49.817260,49.732111,49.656801,49.590147,49.531118,49.478813,49.432441,49.391310,49.354811,49.322408,49.293631,49.268063,49.245339,49.225135,49.207166,49.191180,49.176954,49.164291,49.153015,49.142972,49.134025,49.126053,49.118948,49.112613,49.106965,49.101927,49.097433,49.093424,49.089846,49.086652,49.083801,49.081256,1
30,5,1,3,5,5,1,1,5,133,60.801144,59.265824,58.350727,57.676867,57.131145,56.665939,56.256997,55.890337,55.557137,55.251440,54.968996,54.706640,54.461929,54.232923,54.018042,53.815975,53.625612,53.446004,53.276322,53.115842,52.963919,52.819980,52.683505,52.554027,52.431116,52.314382,52.203466,52.098035,51.997782,51.902422,51.811689,51.725336,51.643131,51.564856,51.490309,51.419298,51.351644,51.287176,51.225736,51.167171,51.111341,51.058110,51.007352,50.958945,50.912775,50.868734,50.826720,50.786636,50.748388,50.711890,1
131,4,1,6,5,5,1,1,5,143,60.376503,58.775303,57.741137,56.981073,56.385619,55.899947,55.492451,55.143235,54.838972,54.570322,54.330504,54.114462,53.918338,53.739132,53.574473,53.422459,53.281542,53.150448,53.028115,52.913647,52.806285,52.705376,52.610354,52.520726,52.436060,52.355973,52.280123,52.208206,52.139948,52.075102,52.013443,51.954769,51.898892,51.845642,51.794863,51.746410,51.700151,51.655961,51.613728,51.573345,51.534713,51.497740,51.462342,51.428436,51.395950,51.364811,51.334955,51.306319,51.278844,51.252477,2
128,4,1,6,5,5,1,1,5,71,57.597295,56.313869,55.446038,54.779740,54.239809,53.788785,53.404615,53.072981,52.783923,52.530148,52.306099,52.107407,51.930559,51.772674,51.631354,51.504581,51.390639,51.288055,51.195558,51.112046,51.036554,50.968238,50.906353,50.850243,50.799327,50.753087,50.711064,50.672847,50.638068,50.606401,50.577550,50.551250,50.527264,50.505377,50.485397,50.467150,50.450477,50.435237,50.421302,50.408554,50.396889,50.386210,50.376431,50.367473,50.359264,50.351740,50.344840,50.338513,50.332707,50.327379,3
112,2,1,6,5,5,1,1,5,146,60.677618,59.165140,58.184668,57.454852,56.874042,56.392547,55.982134,55.625218,55.310107,55.028626,54.774828,54.544240,54.333412,54.139619,53.960671,53.794781,53.640467,53.496490,53.361799,53.235498,53.116813,53.005073,52.899693,52.800156,52.706005,52.616836,52.532285,52.452026,52.375767,52.303241,52.234208,52.168448,52.105759,52.045958,51.988875,51.934355,51.882254,51.832439,51.784785,51.739179,51.695513,51.653688,51.613610,51.575193,51.538355,51.503019,51.469114,51.436573,51.405330,51.375328,2
142,3,1,6,3,4,3,1,5,139,60.746866,59.456319,58.692651,58.115584,57.633751,57.211519,56.831634,56.484399,56.163728,55.865466,55.586589,55.324792,55.078250,54.845481,54.625253,54.416523,54.218398,54.030101,53.850951,53.680342,53.517737,53.362649,53.214640,53.073309,52.938291,52.809250,52.685874,52.567877,52.454991,52.346967,52.243571,52.144586,52.049807,51.959040,51.872105,51.788828,51.709048,51.632611,51.559371,51.489189,51.421934,51.357480,51.295708,51.236506,51.179763,51.125378,51.073251,51.023288,50.975399,50.929497,3
125,2,1,6,4,4,4,1,5,130,63.758812,62.326589,61.278487,60.412362,59.662246,58.996208,58.395677,57.848588,57.346491,56.883129,56.453678,56.054292,55.681833,55.333680,55.007617,54.701735,54.414377,54.144087,53.889577,53.649697,53.423415,53.209801,53.008011,52.817274,52.636887,52.466205,52.304635,52.151626,52.006673,51.869306,51.739086,51.615607,51.498490,51.387382,51.281949,51.181883,51.086893,50.996706,50.911064,50.829729,50.752471,50.679079,50.609350,50.543094,50.480133,50.420296,50.363424,50.309366,50.257978,50.209126,2
78,4,1,6,5,5,1,1,5,90,59.857195,58.190842,57.124034,56.314215,55.656172,55.101252,54.621980,54.201011,53.826598,53.490386,53.186213,52.909398,52.656293,52.423999,52.210162,52.012840,51.830407,51.661476,51.504855,51.359501,51.224500,51.099034,50.982375,50.873863,50.772899,50.678938,50.591481,50.510068,50.434277,50.363716,50.298022,50.236861,50.179921,50.126912,50.077565,50.031629,49.988870,49.949070,49.912028,49.877554,49.845471,49.815616,49.787835,49.761985,49.737934,49.715557,49.694738,49.675370,49.657353,49.640592,2
52,4,1,6,4,4,1,2,5,419,61.973771,60.878399,60.258783,59.829544,59.498830,59.227249,58.994868,58.790369,58.606751,58.439387,58.285059,58.141432,58.006759,57.879692,57.759171,57.644348,57.534531,57.429152,57.327735,57.229883,57.135257,57.043568,56.954568,56.868043,56.783806,56.701693,56.621561,56.543283,56.466746,56.391851,56.318507,56.246636,56.176163,56.107023,56.039158,55.972512,55.907036,55.842684,55.779415,55.717190,55.655973,55.595730,55.536432,55.478048,55.420552,55.363918,55.308123,55.253144,55.198960,55.145551,3
1000,3,1,6,2,4,1,3,5,424,40.734727,39.687718,39.076709,38.637867,38.290838,38.001008,37.750311,37.528107,37.327596,37.144175,36.974584,36.816434,36.667921,36.527651,36.394521,36.267644,36.146298,36.029882,35.917897,35.809917,35.705582,35.604579,35.506640,35.411530,35.319043,35.228999,35.141235,35.055611,34.971998,34.890282,34.810360,34.732140,34.655537,34.580475,34.506884,34.434700,34.363864,34.294323,34.226028,34.158931,34.092990,34.028167,33.964423,33.901725,33.840040,33.779339,33.719592,33.660773,33.602857,33.545821,3
623,4,1,6,5,5,1,1,5,477,64.083150,62.970569,62.353984,61.924456,61.589531,61.310796,61.069122,60.853747,60.658062,60.477722,60.309724,60.151902,60.002645,59.860718,59.725158,59.595193,59.470200,59.349665,59.233159,59.120321,59.010845,58.904467,58.800957,58.700115,58.601766,58.505755,58.411944,58.320208,58.230436,58.142528,58.056393,57.971948,57.889117,57.807830,57.728023,57.649638,57.572619,57.496916,57.422482,57.349272,57.277246,57.206365,57.136593,57.067896,57.000242,56.933601,56.867944,56.803245,56.739477,56.676616,3
819,4,1,6,4,5,1,2,5,524,45.599778,44.835086,44.459279,44.203534,43.995468,43.808575,43.631926,43.460835,43.293315,43.128579,42.966370,42.806656,42.649490,42.494943,42.343079,42.193944,42.047559,41.903926,41.763028,41.624830,41.489288,41.356346,41.225943,41.098014,40.972490,40.849302,40.728384,40.609668,40.493089,40.378584,40.266094,40.155560,40.046927,39.940144,39.835159,39.731925,39.630396,39.530530,39.432284,39.335619,39.240498,39.146884,39.054743,38.964042,38.874747,38.786830,38.700261,38.615011,38.531052,38.448360,3
477,3,1,6,5,4,1,2,5,396,63.141318,61.842102,61.099715,60.586999,60.196697,59.881262,59.615846,59.385960,59.182472,58.999285,58.832145,58.677979,58.534505,58.399985,58.273074,58.152708,58.038035,57.928366,57.823132,57.721863,57.624166,57.529706,57.438200,57.349404,57.263108,57.179128,57.097304,57.017495,56.939575,56.863435,56.788974,56.716103,56.644742,56.574819,56.506266,56.439023,56.373036,56.308253,56.244628,56.182117,56.120681,56.060281,56.000884,55.942457,55.884969,55.828392,55.772700,55.717866,55.663868,55.610682,3
721,5,1,3,5,5,1,1,5,196,55.856026,54.836056,54.338377,54.023157,53.793475,53.612048,53.461367,53.331970,53.218199,53.116412,53.024130,52.939590,52.861493,52.788853,52.720907,52.657046,52.596781,52.539711,52.485502,52.433874,52.384590,52.337446,52.292267,52.248898,52.207206,52.167073,52.128393,52.091073,52.055029,52.020186,51.986476,51.953836,51.922211,51.891548,51.861801,51.832926,51.804883,51.777634,51.751146,51.725387,51.700327,51.675937,51.652192,51.629067,51.606540,51.584588,51.563191,51.542331,51.521988,51.502146,1
