78,3,1,6,4,5,1,1,5,87,55.673809,54.316694,53.597352,53.117359,52.757694,52.469469,52.228471,52.021118,51.839088,51.676931,51.530889,51.398259,51.277028,51.165655,51.062925,50.967864,50.879668,50.797671,50.721302,50.650076,50.583566,50.521400,50.463245,50.408806,50.357816,50.310032,50.265235,50.223223,50.183812,50.146830,50.112121,50.079539,50.048949,50.020225,49.993251,49.967917,49.944121,49.921769,49.900773,49.881048,49.862516,49.845106,49.828749,49.813380,49.798940,49.785373,49.772624,49.760646,49.749391,49.738815
110,2,1,3,2,5,1,1,5,87,55.177923,54.078496,53.447420,53.000818,52.654165,52.371464,52.133704,51.929396,51.750975,51.593176,51.452187,51.325169,51.209954,51.104851,51.008522,50.919887,50.838063,50.762318,50.692038,50.626699,50.565854,50.509114,50.456139,50.406627,50.360313,50.316957,50.276344,50.238279,50.202585,50.169101,50.137678,50.108181,50.080483,50.054469,50.030030,50.007068,49.985490,49.965209,49.946144,49.928222,49.911371,49.895526,49.880626,49.866613,49.853435,49.841039,49.829380,49.818413,49.808097,49.798391
189,5,1,3,5,5,1,1,5,115,55.508426,54.275941,53.663932,53.281767,53.007833,52.794343,52.618978,52.469825,52.339842,52.224538,52.120879,52.026716,51.940474,51.860959,51.787249,51.718611,51.654452,51.594290,51.537721,51.484404,51.434052,51.386415,51.341278,51.298450,51.257766,51.219078,51.182253,51.147172,51.113728,51.081823,51.051369,51.022282,50.994489,50.967920,50.942511,50.918203,50.894939,50.872669,50.851344,50.830918,50.811349,50.792596,50.774623,50.757394,50.740874,50.725032,50.709838,50.695263,50.681280,50.667864
178,4,1,6,3,5,1,1,5,206,66.331202,64.722680,63.671951,62.855503,62.174337,61.583374,61.057923,60.582877,60.148246,59.747022,59.374066,59.025465,58.698159,58.389694,58.098065,57.821610,57.558927,57.308825,57.070278,56.842393,56.624390,56.415582,56.215355,56.023164,55.838518,55.660974,55.490128,55.325614,55.167097,55.014269,54.866847,54.724566,54.587186,54.454479,54.326236,54.202259,54.082366,53.966382,53.854147,53.745508,53.640321,53.538451,53.439768,53.344152,53.251487,53.161665,53.074581,52.990137,52.908238,52.828794
81,3,1,6,3,5,1,1,5,122,62.366233,60.553579,59.365722,58.464368,57.733698,57.119183,56.590016,56.126622,55.715573,55.347178,55.014192,54.711060,54.433430,54.177843,53.941504,53.722129,53.517831,53.327034,53.148407,52.980820,52.823300,52.675005,52.535202,52.403246,52.278564,52.160647,52.049040,51.943331,51.843146,51.748146,51.658019,51.572481,51.491267,51.414134,51.340857,51.271224,51.205040,51.142121,51.082295,51.025402,50.971289,50.919816,50.870846,50.824255,50.779922,50.737735,50.697586,50.659375,50.623006,50.588389
107,4,1,6,5,3,2,2,4,203,65.369021,63.668149,62.669154,61.917030,61.293561,60.753376,60.273866,59.841621,59.447744,59.085887,58.751296,58.440283,58.149913,57.877795,57.621954,57.380732,57.152722,56.936718,56.731676,56.536688,56.350955,56.173775,56.004523,55.842642,55.687634,55.539051,55.396488,55.259580,55.127993,55.001424,54.879595,54.762252,54.649161,54.540105,54.434886,54.333319,54.235231,54.140464,54.048868,53.960305,53.874644,53.791764,53.711549,53.633891,53.558690,53.485849,53.415277,53.346888,53.280601,53.216340
86,3,1,6,5,2,1,1,4,171,67.037502,65.457515,64.303069,63.345343,62.510429,61.763903,61.086131,60.464420,59.889856,59.355818,58.857187,58.389888,57.950593,57.536541,57.145401,56.775179,56.424157,56.090833,55.773890,55.472161,55.184605,54.910292,54.648383,54.398121,54.158817,53.929841,53.710621,53.500628,53.299375,53.106414,52.921329,52.743732,52.573264,52.409589,52.252393,52.101381,51.956277,51.816820,51.682766,51.553882,51.429949,51.310762,51.196122,51.085844,50.979750,50.877671,50.779448,50.684926,50.593960,50.506410
131,3,1,6,5,5,1,1,5,169,62.322493,61.133003,60.376926,59.781915,59.274917,58.825499,58.417948,58.043027,57.694800,57.369181,57.063206,56.774623,56.501663,56.242891,55.997115,55.763326,55.540650,55.328328,55.125683,54.932113,54.747075,54.570077,54.400669,54.238438,54.083004,53.934016,53.791147,53.654094,53.522573,53.396319,53.275084,53.158635,53.046751,52.939227,52.835867,52.736488,52.640914,52.548981,52.460533,52.375422,52.293507,52.214654,52.138736,52.065633,51.995230,51.927417,51.862089,51.799147,51.738496,51.680046
59,1,1,6,5,4,1,1,5,147,66.966115,64.911391,63.472054,62.329686,61.369369,60.534988,59.794342,59.126994,58.519032,57.960483,57.443904,56.963572,56.514971,56.094467,55.699087,55.326361,54.974215,54.640882,54.324847,54.024797,53.739581,53.468189,53.209722,52.963377,52.728432,52.504234,52.290188,52.085751,51.890423,51.703744,51.525284,51.354648,51.191464,51.035385,50.886083,50.743251,50.606599,50.475854,50.350754,50.231053,50.116516,50.006920,49.902052,49.801710,49.705699,49.613835,49.525940,49.441845,49.361389,49.284416
94,3,1,6,5,5,1,1,5,151,64.569432,63.101042,62.108133,61.307991,60.617726,60.002845,59.445284,58.933991,58.461462,58.022231,57.612118,57.227811,56.866619,56.526307,56.204994,55.901068,55.613140,55.339993,55.080560,54.833889,54.599135,54.375534,54.162400,53.959105,53.765081,53.579805,53.402797,53.233614,53.071846,52.917112,52.769059,52.627357,52.491696,52.361788,52.237362,52.118161,52.003947,51.894492,51.789583,51.689016,51.592601,51.500156,51.411508,51.326493,51.244957,51.166750,51.091733,51.019770,50.950733,50.884502
227,3,1,6,5,5,1,1,5,225,65.753709,64.172687,63.212075,62.501357,61.922777,61.426135,60.986010,60.587862,60.222586,59.884073,59.567997,59.271158,58.991102,58.725896,58.473973,58.234042,58.005019,57.785984,57.576142,57.374803,57.181361,56.995281,56.816087,56.643355,56.476700,56.315778,56.160275,56.009905,55.864408,55.723545,55.587096,55.454858,55.326643,55.202277,55.081598,54.964456,54.850708,54.740224,54.632879,54.528556,54.427147,54.328546,54.232656,54.139385,54.048644,53.960350,53.874422,53.790786,53.709369,53.630101
118,3,1,6,3,5,2,1,4,158,64.189333,62.647724,61.579200,60.739806,60.041079,59.439170,58.908744,58.433735,58.003274,57.609629,57.247079,56.911252,56.598714,56.306712,56.032990,55.775678,55.533197,55.304204,55.087544,54.882211,54.687327,54.502117,54.325895,54.158047,53.998023,53.845328,53.699513,53.560170,53.426927,53.299443,53.177404,53.060522,52.948528,52.841175,52.738233,52.639487,52.544736,52.453792,52.366480,52.282633,52.202097,52.124723,52.050375,51.978921,51.910236,51.844204,51.780713,51.719657,51.660936,51.604454
232,4,1,6,3,3,2,4,4,207,61.699634,60.731991,60.082114,59.571693,59.141212,58.763439,58.423700,58.113179,57.826143,57.558625,57.307747,57.071336,56.847699,56.635482,56.433578,56.241064,56.057158,55.881193,55.712587,55.550831,55.395477,55.246122,55.102410,54.964016,54.830647,54.702035,54.577936,54.458126,54.342398,54.230560,54.122434,54.017856,53.916671,53.818735,53.723914,53.632079,53.543113,53.456903,53.373342,53.292331,53.213773,53.137580,53.063666,52.991949,52.922351,52.854800,52.789224,52.725557,52.663734,52.603693
64,2,1,6,3,3,2,1,4,96,59.409322,58.248991,57.365325,56.635717,56.013402,55.472510,54.996399,54.573408,54.194905,53.854249,53.546186,53.266470,53.011611,52.778703,52.565296,52.369306,52.188945,52.022666,51.869126,51.727144,51.595681,51.473820,51.360742,51.255716,51.158087,51.067265,50.982716,50.903959,50.830553,50.762100,50.698234,50.638622,50.582957,50.530959,50.482370,50.436950,50.394481,50.354759,50.317597,50.282821,50.250271,50.219797,50.191262,50.164536,50.139500,50.116044,50.094063,50.073462,50.054151,50.036047
214,3,1,6,3,4,2,2,4,215,65.880714,64.336622,63.298064,62.488916,61.816454,61.236556,60.724338,60.264255,59.845887,59.461874,59.106798,58.776537,58.467862,58.178191,57.905414,57.647781,57.403821,57.172280,56.952081,56.742289,56.542087,56.350755,56.167657,55.992226,55.823955,55.662387,55.507111,55.357754,55.213977,55.075472,54.941954,54.813164,54.688863,54.568830,54.452860,54.340765,54.232367,54.127503,54.026019,53.927772,53.832627,53.740457,53.651145,53.564577,53.480649,53.399260,53.320316,53.243727,53.169407,53.097277
59,1,1,6,3,4,1,3,4,93,59.495339,58.270057,57.374469,56.641639,56.017991,55.476481,55.000235,54.577513,54.199625,53.859874,53.552956,53.274585,53.021236,52.789977,52.578335,52.384211,52.205801,52.041548,51.890095,51.750253,51.620976,51.501335,51.390505,51.287748,51.192399,51.103864,51.021601,50.945122,50.873982,50.807776,50.746134,50.688719,50.635219,50.585350,50.538851,50.495479,50.455014,50.417251,50.381999,50.349084,50.318345,50.289630,50.262802,50.237732,50.214299,50.192394,50.171913,50.152760,50.134846,50.118089
3997,5,1,6,3,3,3,5,5,901,63.871626,62.346342,61.434151,60.795557,60.309943,59.920973,59.598125,59.323144,59.084302,58.873646,58.685549,58.515893,58.361578,58.220217,58.089933,57.969226,57.856879,57.751889,57.653420,57.560771,57.473344,57.390627,57.312177,57.237610,57.166589,57.098816,57.034029,56.971994,56.912502,56.855365,56.800416,56.747501,56.696482,56.647234,56.599642,56.553603,56.509019,56.465805,56.423878,56.383165,56.343597,56.305110,56.267646,56.231151,56.195574,56.160868,56.126990,56.093897,56.061554,56.029923
4446,5,1,6,4,3,4,5,5,1106,71.468962,69.451292,68.281582,67.477397,66.873906,66.395454,66.001474,65.667928,65.379518,65.125971,64.900087,64.696645,64.511746,64.342413,64.186320,64.041621,63.906825,63.780714,63.662277,63.550670,63.445176,63.345187,63.250177,63.159692,63.073335,62.990760,62.911658,62.835760,62.762821,62.692627,62.624982,62.559711,62.496655,62.435671,62.376627,62.319406,62.263896,62.209999,62.157621,62.106679,62.057094,62.008793,61.961711,61.915783,61.870954,61.827168,61.784376,61.742532,61.701590,61.661511
5428,5,1,6,4,2,5,5,5,1242,71.203927,69.805096,69.025233,68.502109,68.113964,67.806977,67.553458,67.337578,67.149533,66.982860,66.833080,66.696967,66.572118,66.456695,66.349265,66.248686,66.154037,66.064564,65.979646,65.898762,65.821475,65.747414,65.676263,65.607750,65.541640,65.477729,65.415836,65.355805,65.297497,65.240788,65.185568,65.131737,65.079208,65.027899,64.977739,64.928662,64.880608,64.833521,64.787352,64.742055,64.697587,64.653909,64.610986,64.568782,64.527269,64.486416,64.446196,64.406585,64.367560,64.329097
7182,5,1,6,5,4,1,5,4,3146,41.947544,41.416906,41.195395,41.091251,41.043811,41.027681,41.030229,41.044480,41.066300,41.093057,41.122941,41.154621,41.187082,41.219553,41.251457,41.282379,41.312035,41.340250,41.366930,41.392052,41.415646,41.437780,41.458555,41.478088,41.496506,41.513939,41.530511,41.546341,41.561532,41.576177,41.590356,41.604139,41.617583,41.630738,41.643646,41.656343,41.668862,41.681229,41.693471,41.705608,41.717661,41.729648,41.741586,41.753488,41.765367,41.777236,41.789104,41.800980,41.812870,41.824781
81,3,1,6,3,4,1,1,5,126,59.834903,58.669466,57.957919,57.400026,56.920513,56.491988,56.101699,55.742500,55.409773,55.100211,54.811278,54.540929,54.287464,54.049434,53.825585,53.614816,53.416154,53.228727,53.051753,52.884524,52.726398,52.576788,52.435157,52.301011,52.173896,52.053392,51.939110,51.830690,51.727795,51.630114,51.537356,51.449248,51.365536,51.285981,51.210362,51.138467,51.070101,51.005077,50.943223,50.884373,50.828374,50.775079,50.724351,50.676061,50.630085,50.586308,50.544619,50.504916,50.467100,50.431077
80,3,1,6,2,4,2,1,5,123,60.884429,59.539285,58.621492,57.895031,57.282843,56.749731,56.276251,55.850254,55.463483,55.109968,54.785193,54.485614,54.208370,53.951104,53.711833,53.488864,53.280737,53.086177,52.904060,52.733391,52.573279,52.422928,52.281618,52.148696,52.023571,51.905703,51.794599,51.689805,51.590907,51.497523,51.409299,51.325910,51.247055,51.172455,51.101851,51.035003,50.971686,50.911694,50.854831,50.800918,50.749785,50.701274,50.655238,50.611540,50.570048,50.530643,50.493210,50.457643,50.423841,50.391710
67,1,1,6,5,2,1,1,3,105,60.655575,58.914345,57.850207,57.077214,56.466034,55.958720,55.524667,55.145745,54.810253,54.510125,54.239513,53.994003,53.770159,53.565235,53.376992,53.203575,53.043421,52.895199,52.757763,52.630119,52.511396,52.400827,52.297730,52.201500,52.111593,52.027520,51.948839,51.875151,51.806092,51.741330,51.680564,51.623516,51.569930,51.519574,51.472232,51.427704,51.385807,51.346372,51.309239,51.274264,51.241311,51.210253,51.180973,51.153362,51.127318,51.102746,51.079557,51.057669,51.037003,51.017489
142,2,1,6,5,2,1,1,3,176,63.681169,62.138273,61.241284,60.577861,60.031624,59.556346,59.129797,58.739761,58.378787,58.041948,57.725760,57.427638,57.145579,56.877986,56.623553,56.381184,56.149949,55.929045,55.717771,55.515505,55.321695,55.135844,54.957503,54.786263,54.621748,54.463616,54.311548,54.165252,54.024452,53.888895,53.758343,53.632573,53.511376,53.394555,53.281924,53.173310,53.068546,52.967477,52.869954,52.775837,52.684993,52.597293,52.512618,52.430852,52.351886,52.275615,52.201938,52.130762,52.061993,51.995545
104,3,1,6,4,5,1,1,5,96,55.673565,54.480501,53.819053,53.365712,53.018962,52.736676,52.497878,52.290661,52.107604,51.943751,51.795624,51.660682,51.537008,51.423116,51.317827,51.220186,51.129402,51.044814,50.965857,50.892046,50.822955,50.758211,50.697483,50.640474,50.586916,50.536569,50.489212,50.444644,50.402682,50.363158,50.325914,50.290808,50.257706,50.226485,50.197030,50.169234,50.142998,50.118228,50.094839,50.072750,50.051883,50.032170,50.013543,49.995939,49.979301,49.963573,49.948704,49.934645,49.921351,49.908779
147,4,1,6,3,5,1,1,5,96,55.400256,54.161630,53.484200,53.028708,52.689188,52.420191,52.198358,52.010195,51.847246,51.703883,51.576191,51.461341,51.357226,51.262237,51.175118,51.094865,51.020667,50.951855,50.887868,50.828234,50.772549,50.720463,50.671671,50.625907,50.582931,50.542535,50.504527,50.468739,50.435015,50.403215,50.373211,50.344887,50.318135,50.292856,50.268959,50.246359,50.224978,50.204744,50.185590,50.167451,50.150271,50.133993,50.118568,50.103947,50.090085,50.076940,50.064474,50.052648,50.041428,50.030781
265,2,1,6,3,4,2,2,5,162,57.733070,56.879629,56.318061,55.881069,55.516537,55.200890,54.921212,54.669551,54.440598,54.230593,54.036749,53.856919,53.689403,53.532820,53.386031,53.248074,53.118133,52.995502,52.879570,52.769799,52.665714,52.566892,52.472958,52.383572,52.298430,52.217253,52.139791,52.065815,51.995114,51.927497,51.862785,51.800815,51.741438,51.684512,51.629908,51.577506,51.527192,51.478864,51.432421,51.387774,51.344835,51.303525,51.263767,51.225491,51.188630,51.153119,51.118901,51.085918,51.054117,51.023448
201,5,1,6,3,4,3,2,5,118,56.333445,55.250205,54.637697,54.203721,53.861819,53.577078,53.332086,53.116806,52.924834,52.751782,52.594477,52.450532,52.318096,52.195696,52.082138,51.976437,51.877770,51.785441,51.698856,51.617500,51.540930,51.468755,51.400631,51.336253,51.275351,51.217680,51.163022,51.111177,51.061966,51.015225,50.970803,50.928562,50.888375,50.850125,50.813703,50.779009,50.745948,50.714434,50.684384,50.655722,50.628377,50.602282,50.577373,50.553592,50.530883,50.509192,50.488471,50.468672,50.449752,50.431668
221,5,1,6,4,5,3,1,5,134,55.388896,54.281657,53.743582,53.399607,53.146439,52.945007,52.777089,52.632781,52.506072,52.393018,52.290882,52.197691,52.111976,52.032616,51.958738,51.889650,51.824793,51.763711,51.706023,51.651414,51.599610,51.550382,51.503528,51.458872,51.416259,51.375553,51.336631,51.299383,51.263708,51.229518,51.196730,51.165268,51.135063,51.106050,51.078172,51.051372,51.025599,51.000806,50.976948,50.953983,50.931871,50.910576,50.890062,50.870296,50.851248,50.832887,50.815185,50.798116,50.781655,50.765777
48,4,1,6,4,4,1,1,5,61,54.736547,53.386305,52.620814,52.088370,51.684579,51.363538,51.100256,50.879484,50.691256,50.528733,50.387030,50.262541,50.152524,50.054837,49.967770,49.889932,49.820170,49.757516,49.701148,49.650362,49.604546,49.563170,49.525767,49.491929,49.461291,49.433534,49.408371,49.385547,49.364835,49.346031,49.328950,49.313431,49.299323,49.286495,49.274827,49.264211,49.254548,49.245751,49.237741,49.230444,49.223796,49.217738,49.212216,49.207182,49.202592,49.198405,49.194586,49.191102,49.187922,49.185020
547,5,1,6,2,3,3,3,5,369,62.005879,60.737809,59.964366,59.410352,58.980603,58.630450,58.335318,58.080281,57.855633,57.654735,57.472859,57.306534,57.153139,57.010652,56.877484,56.752366,56.634269,56.522350,56.415910,56.314362,56.217213,56.124040,56.034483,55.948229,55.865008,55.784582,55.706742,55.631306,55.558111,55.487010,55.417873,55.350585,55.285039,55.221140,55.158802,55.097946,55.038499,54.980396,54.923576,54.867983,54.813565,54.760275,54.708068,54.656902,54.606740,54.557545,54.509283,54.461923,54.415435,54.369791
96,3,1,6,3,5,1,1,5,157,67.623758,65.653300,64.353581,63.362474,62.547963,61.847793,61.228118,60.668686,60.156506,59.682779,59.241275,58.827414,58.437720,58.069480,57.720522,57.389075,57.073661,56.773034,56.486122,56.211998,55.949845,55.698941,55.458640,55.228361,55.007576,54.795804,54.592604,54.397567,54.210318,54.030504,53.857799,53.691896,53.532505,53.379355,53.232189,53.090765,52.954851,52.824227,52.698686,52.578028,52.462063,52.350609,52.243492,52.140545,52.041609,51.946530,51.855162,51.767363,51.682996,51.601932
65,4,1,6,4,5,1,1,5,110,62.403216,60.713521,59.560427,58.661959,57.916701,57.275751,56.711663,56.207458,55.751848,55.336889,54.956719,54.606839,54.283686,53.984359,53.706447,53.447908,53.206989,52.982167,52.772105,52.575619,52.391657,52.219273,52.057618,51.905922,51.763487,51.629675,51.503905,51.385642,51.274395,51.169713,51.071177,50.978400,50.891025,50.808719,50.731172,50.658096,50.589222,50.524300,50.463095,50.405388,50.350973,50.299658,50.251263,50.205618,50.162565,50.121953,50.083643,50.047503,50.013408,49.981241
323,4,1,6,4,4,1,1,5,238,64.853763,63.674719,62.884988,62.266933,61.746960,61.291301,60.881829,60.507714,60.161936,59.839647,59.537324,59.252299,58.982487,58.726216,58.482112,58.249029,58.025996,57.812180,57.606861,57.409410,57.219271,57.035954,56.859022,56.688083,56.522784,56.362806,56.207862,56.057689,55.912045,55.770711,55.633484,55.500179,55.370623,55.244657,55.122131,55.002909,54.886862,54.773868,54.663816,54.556600,54.452119,54.350280,54.250995,54.154180,54.059755,53.967645,53.877778,53.790087,53.704507,53.620976
721,4,1,5,3,4,1,5,5,400,63.011884,61.829796,61.130951,60.632012,60.241845,59.919497,59.643117,59.399755,59.181174,58.981852,58.797937,58.626651,58.465933,58.314216,58.170281,58.033166,57.902091,57.776422,57.655629,57.539269,57.426965,57.318391,57.213268,57.111350,57.012421,56.916289,56.822784,56.731753,56.643058,56.556574,56.472189,56.389798,56.309308,56.230631,56.153687,56.078402,56.004709,55.932542,55.861844,55.792558,55.724633,55.658021,55.592676,55.528555,55.465619,55.403828,55.343148,55.283545,55.224986,55.167440
243,4,1,6,3,4,3,2,5,217,63.965002,62.511161,61.642952,61.011984,60.503815,60.070084,59.686851,59.340682,59.023251,58.728984,58.453928,58.195153,57.950417,57.717959,57.496373,57.284510,57.081427,56.886333,56.698565,56.517555,56.342818,56.173931,56.010526,55.852282,55.698911,55.550159,55.405797,55.265619,55.129437,54.997080,54.868394,54.743232,54.621462,54.502961,54.387613,54.275309,54.165948,54.059434,53.955678,53.854594,53.756101,53.660120,53.566579,53.475408,53.386539,53.299907,53.215450,53.133110,53.052828,52.974550
84,3,1,3,5,5,1,1,5,121,62.226130,60.906156,59.937963,59.141284,58.456182,57.852518,57.312312,56.823693,56.378247,55.969699,55.593186,55.244832,54.921474,54.620489,54.339672,54.077140,53.831274,53.600666,53.384082,53.180434,52.988752,52.808172,52.637915,52.477276,52.325618,52.182358,52.046963,51.918944,51.797850,51.683265,51.574803,51.472109,51.374848,51.282711,51.195410,51.112674,51.034250,50.959902,50.889407,50.822557,50.759155,50.699017,50.641969,50.587848,50.536499,50.487776,50.441541,50.397665,50.356026,50.316506
296,5,1,6,4,5,1,1,5,255,67.060009,65.755867,64.932322,64.301867,63.773527,63.308676,62.887829,62.499913,62.138038,61.797606,61.475363,61.168897,60.876351,60.596252,60.327402,60.068806,59.819626,59.579145,59.346744,59.121884,58.904087,58.692933,58.488046,58.289089,58.095758,57.907777,57.724895,57.546884,57.373532,57.204648,57.040050,56.879575,56.723069,56.570386,56.421394,56.275967,56.133987,55.995342,55.859928,55.727645,55.598401,55.472104,55.348672,55.228023,55.110080,54.994770,54.882022,54.771769,54.663947,54.558493
656,4,1,6,3,3,4,4,5,367,63.074116,61.578274,60.706683,60.107811,59.658057,59.299853,59.002283,58.747167,58.523095,58.322539,58.140331,57.972795,57.817245,57.671669,57.534525,57.404611,57.280973,57.162843,57.049596,56.940715,56.835769,56.734396,56.636288,56.541180,56.448846,56.359088,56.271733,56.186629,56.103642,56.022651,55.943549,55.866241,55.790640,55.716666,55.644248,55.573321,55.503825,55.435703,55.368905,55.303384,55.239094,55.175996,55.114050,55.053221,54.993474,54.934778,54.877101,54.820417,54.764696,54.709915
86,5,1,3,2,5,1,1,5,133,65.558273,63.653217,62.430032,61.498185,60.730756,60.070097,59.485193,58.957483,58.474979,58.029481,57.615124,57.227557,56.863459,56.520226,56.195775,55.888407,55.596712,55.319501,55.055756,54.804594,54.565242,54.337012,54.119289,53.911515,53.713182,53.523822,53.343004,53.170326,53.005413,52.847911,52.697490,52.553833,52.416646,52.285643,52.160557,52.041131,51.927119,51.818288,51.714413,51.615280,51.520684,51.430427,51.344321,51.262184,51.183843,51.109132,51.037889,50.969963,50.905206,50.843477
157,3,1,6,5,5,1,1,5,151,58.410602,57.153239,56.284458,55.616586,55.073461,54.616351,54.222879,53.878892,53.574787,53.303676,53.060393,52.840928,52.642075,52.461222,52.296197,52.145173,52.006595,51.879126,51.761612,51.653046,51.552548,51.459346,51.372756,51.292172,51.217058,51.146935,51.081373,51.019990,50.962440,50.908414,50.857631,50.809838,50.764807,50.722329,50.682216,50.644296,50.608412,50.574421,50.542191,50.511604,50.482548,50.454924,50.428639,50.403606,50.379747,50.356990,50.335268,50.314517,50.294682,50.275707
38,5,1,3,5,5,1,1,5,344,65.616735,62.975870,61.171502,59.768041,58.610297,57.620837,56.754428,55.982269,55.285013,54.649191,54.065160,53.525849,53.025949,52.561369,52.128869,51.725807,51.349965,50.999427,50.672495,50.367635,50.083438,49.818591,49.571863,49.342094,49.128184,48.929092,48.743831,48.571463,48.411103,48.261912,48.123100,47.993922,47.873675,47.761702,47.657386,47.560150,47.469453,47.384793,47.305702,47.231743,47.162511,47.097632,47.036756,46.979562,46.925752,46.875050,46.827203,46.781976,46.739152,46.698533
39,5,1,3,5,5,1,1,5,81,63.512606,60.953881,59.368577,58.217317,57.304911,56.542359,55.883482,55.301962,54.781587,54.311666,53.884712,53.495194,53.138837,52.812203,52.512443,52.237129,51.984153,51.751651,51.537959,51.341570,51.161115,50.995342,50.843098,50.703325,50.575041,50.457341,50.349388,50.250406,50.159677,50.076537,50.000372,49.930614,49.866739,49.808261,49.754736,49.705750,49.660924,49.619911,49.582387,49.548059,49.516656,49.487928,49.461648,49.437607,49.415612,49.395489,49.377076,49.360227,49.344806,49.330692
39,5,1,3,5,5,1,1,5,106,68.999077,65.831709,63.814136,62.335302,61.155667,60.161703,59.294269,58.520450,57.820830,57.183266,56.599655,56.064207,55.572480,55.120844,54.706179,54.325698,53.976852,53.657276,53.364757,53.097218,52.852705,52.629387,52.425544,52.239570,52.069967,51.915339,51.774394,51.645932,51.528848,51.422123,51.324819,51.236078,51.155112,51.081202,51.013693,50.951987,50.895541,50.843861,50.796499,50.753050,50.713145,50.676454,50.642676,50.611539,50.582798,50.556234,50.531647,50.508857,50.487703,50.468038
668,4,1,6,4,4,2,2,5,344,61.731034,60.890972,60.390562,60.023392,59.726653,59.472928,59.247987,59.043636,58.854804,58.678162,58.511426,58.352964,58.201567,58.056320,57.916507,57.781558,57.651011,57.524485,57.401661,57.282267,57.166073,57.052878,56.942504,56.834797,56.729619,56.626847,56.526369,56.428085,56.331903,56.237738,56.145513,56.055157,55.966604,55.879792,55.794664,55.711165,55.629246,55.548858,55.469957,55.392501,55.316449,55.241763,55.168407,55.096346,55.025547,54.955979,54.887611,54.820415,54.754363,54.689428
176,4,1,6,4,4,1,1,5,191,64.579356,63.277334,62.454977,61.814643,61.271701,60.791529,60.356616,59.956755,59.585373,59.237916,58.911058,58.602262,58.309532,58.031255,57.766100,57.512951,57.270855,57.038993,56.816650,56.603196,56.398074,56.200786,56.010884,55.827964,55.651658,55.481630,55.317572,55.159202,55.006257,54.858496,54.715691,54.577633,54.444126,54.314984,54.190034,54.069113,53.952067,53.838750,53.729024,53.622759,53.519830,53.420119,53.323513,53.229905,53.139192,53.051276,52.966064,52.883465,52.803393,52.725765
225,4,1,6,4,5,1,1,5,236,66.152538,64.655364,63.728092,63.026238,62.448700,61.951349,61.510632,61.112400,60.747456,60.409471,60.093891,59.797325,59.517173,59.251393,58.998350,58.756711,58.525369,58.303400,58.090015,57.884540,57.686390,57.495057,57.310091,57.131096,56.957718,56.789642,56.626584,56.468285,56.314512,56.165053,56.019713,55.878313,55.740688,55.606686,55.476166,55.348996,55.225054,55.104226,54.986405,54.871489,54.759385,54.650002,54.543257,54.439070,54.337363,54.238067,54.141110,54.046430,53.953961,53.863646
110,4,1,6,4,5,1,1,5,132,62.175694,60.554310,59.536927,58.774831,58.154287,57.625063,57.160667,56.745350,56.368933,56.024414,55.706743,55.412137,55.137672,54.881029,54.640329,54.414017,54.200788,53.999532,53.809289,53.629225,53.458605,53.296777,53.143158,52.997224,52.858499,52.726551,52.600986,52.481441,52.367581,52.259096,52.155700,52.057126,51.963125,51.873463,51.787923,51.706299,51.628400,51.554044,51.483061,51.415288,51.350574,51.288775,51.229753,51.173380,51.119533,51.068095,51.018956,50.972010,50.927158,50.884304
355,4,1,6,5,5,1,1,5,554,28.978891,28.711937,28.553788,28.433489,28.331156,28.239708,28.156075,28.078659,28.006480,27.938853,27.875249,27.815239,27.758459,27.704595,27.653376,27.604560,27.557938,27.513322,27.470547,27.429465,27.389946,27.351871,27.315137,27.279649,27.245320,27.212075,27.179843,27.148560,27.118170,27.088618,27.059856,27.031841,27.004530,26.977886,26.951875,26.926463,26.901622,26.877322,26.853539,26.830248,26.807427,26.785055,26.763112,26.741579,26.720441,26.699680,26.679281,26.659231,26.639515,26.620121
103,4,1,6,5,5,1,1,5,168,63.030065,61.919936,61.080370,60.367786,59.736405,59.164993,58.641435,58.157830,57.708542,57.289299,56.896731,56.528090,56.181090,55.853791,55.544528,55.251849,54.974484,54.711305,54.461309,54.223595,53.997354,53.781850,53.576416,53.380441,53.193367,53.014681,52.843911,52.680620,52.524403,52.374886,52.231719,52.094578,51.963160,51.837180,51.716373,51.600491,51.489300,51.382579,51.280122,51.181735,51.087232,50.996441,50.909197,50.825344,50.744736,50.667232,50.592700,50.521016,50.452058,50.385713
392,4,1,6,5,5,1,1,5,306,58.379060,57.755399,57.333397,57.000318,56.718952,56.472392,56.251412,56.050328,55.865337,55.693740,55.533536,55.383191,55.241499,55.107488,54.980364,54.859463,54.744227,54.634179,54.528908,54.428052,54.331299,54.238366,54.149006,54.062995,53.980131,53.900230,53.823127,53.748668,53.676714,53.607136,53.539815,53.474641,53.411511,53.350329,53.291008,53.233462,53.177616,53.123395,53.070731,53.019560,52.969820,52.921453,52.874407,52.828628,52.784070,52.740684,52.698429,52.657262,52.617144,52.578037
73,3,1,6,5,4,1,1,5,106,61.189247,59.414745,58.294844,57.475122,56.825395,56.283668,55.816515,55.404327,55.034791,54.699706,54.393331,54.111458,53.850894,53.609133,53.384157,53.174307,52.978190,52.794620,52.622571,52.461148,52.309559,52.167099,52.033135,51.907095,51.788457,51.676746,51.571525,51.472390,51.378970,51.290919,51.207915,51.129659,51.055872,50.986292,50.920675,50.858790,50.800424,50.745374,50.693450,50.644473,50.598275,50.554698,50.513593,50.474819,50.438244,50.403744,50.371200,50.340502,50.311545,50.284230
62,4,1,6,5,5,1,1,5,91,61.776068,59.839876,58.663717,57.801370,57.111236,56.530738,56.027141,55.581276,55.180947,54.817893,54.486241,54.181647,53.900784,53.641028,53.400254,53.176699,52.968868,52.775474,52.595389,52.427612,52.271246,52.125478,51.989569,51.862841,51.744668,51.634474,51.531724,51.435920,51.346601,51.263334,51.185718,51.113378,51.045961,50.983141,50.924611,50.870084,50.819292,50.771984,50.727926,50.686899,50.648697,50.613131,50.580020,50.549198,50.520509,50.493806,50.468955,50.445827,50.424304,50.404277
65,3,1,6,5,5,1,1,5,112,62.695821,60.546012,59.268956,58.363386,57.652963,57.060087,56.546039,56.089416,55.677268,55.301129,54.955102,54.634868,54.337139,54.059332,53.799370,53.555546,53.326436,53.110827,52.907679,52.716086,52.535247,52.364452,52.203064,52.050505,51.906248,51.769811,51.640749,51.518649,51.403127,51.293824,51.190405,51.092554,50.999974,50.912385,50.829523,50.751138,50.676994,50.606867,50.540545,50.477827,50.418523,50.362450,50.309439,50.259326,50.211957,50.167186,50.124872,50.084885,50.047100,50.011398
157,5,1,6,3,5,1,1,5,187,64.498038,63.059603,62.100315,61.360427,60.746968,60.216333,59.744874,59.318409,58.927749,58.566557,58.230243,57.915342,57.619152,57.339515,57.074669,56.823148,56.583723,56.355343,56.137107,55.928232,55.728035,55.535914,55.351336,55.173829,55.002966,54.838368,54.679688,54.526614,54.378861,54.236168,54.098296,53.965023,53.836147,53.711479,53.590841,53.474071,53.361014,53.251528,53.145476,53.042732,52.943176,52.846693,52.753176,52.662523,52.574636,52.489423,52.406795,52.326667,52.248959,52.173594
131,4,1,6,3,3,1,1,4,165,65.442703,63.804528,62.692897,61.826210,61.103945,60.478155,59.922213,59.419774,58.960047,58.535507,58.140671,57.771403,57.424494,57.097394,56.788037,56.494717,56.216009,55.950703,55.697762,55.456285,55.225487,55.004673,54.793224,54.590588,54.396264,54.209802,54.030788,53.858844,53.693622,53.534800,53.382082,53.235188,53.093861,52.957857,52.826948,52.700922,52.579575,52.462716,52.350166,52.241752,52.137313,52.036693,51.939745,51.846329,51.756311,51.669562,51.585961,51.505389,51.427736,51.352892
133,3,1,6,4,3,2,1,3,147,65.923446,63.282099,61.584316,60.346873,59.383931,58.602247,57.948273,57.388543,56.900891,56.469982,56.084843,55.737397,55.421551,55.132612,54.866894,54.621453,54.393898,54.182260,53.984897,53.800420,53.627644,53.465546,53.313233,53.169925,53.034928,52.907625,52.787464,52.673946,52.566619,52.465075,52.368937,52.277862,52.191535,52.109664,52.031982,51.958238,51.888202,51.821659,51.758410,51.698267,51.641057,51.586617,51.534795,51.485447,51.438441,51.393651,51.350958,51.310253,51.271430,51.234393
129,3,1,6,3,2,2,1,3,145,62.238999,60.593781,59.562635,58.801280,58.192800,57.683038,57.242412,56.852975,56.503026,56.184530,55.891749,55.620455,55.367456,55.130286,54.907006,54.696065,54.496204,54.306383,54.125738,53.953535,53.789149,53.632039,53.481734,53.337817,53.199919,53.067710,52.940888,52.819184,52.702347,52.590149,52.482377,52.378836,52.279340,52.183718,52.091807,52.003455,51.918517,51.836857,51.758343,51.682853,51.610269,51.540477,51.473370,51.408845,51.346804,51.287152,51.229797,51.174654,51.121639,51.070670
165,3,1,6,5,5,1,1,5,201,66.978732,65.207950,64.108750,63.300924,62.650773,62.097550,61.609763,61.169442,60.765506,60.390664,60.039855,59.709408,59.396563,59.099182,58.815570,58.544355,58.284404,58.034773,57.794661,57.563382,57.340342,57.125022,56.916966,56.715766,56.521062,56.332526,56.149864,55.972806,55.801108,55.634543,55.472903,55.315995,55.163640,55.015670,54.871928,54.732267,54.596549,54.464642,54.336423,54.211775,54.090585,53.972748,53.858161,53.746729,53.638358,53.532959,53.430448,53.330741,53.233760,53.139430
184,3,1,6,5,5,1,1,5,185,65.590260,63.633100,62.450938,61.597111,60.919603,60.351020,59.856517,59.416030,59.017037,58.651218,58.312754,57.997401,57.701951,57.423910,57.161285,56.912452,56.676065,56.450990,56.236263,56.031051,55.834631,55.646370,55.465709,55.292153,55.125258,54.964627,54.809904,54.660764,54.516912,54.378080,54.244022,54.114512,53.989341,53.868317,53.751260,53.638005,53.528395,53.422287,53.319543,53.220036,53.123646,53.030257,52.939764,52.852064,52.767060,52.684660,52.604776,52.527325,52.452227,52.379405
425,3,1,6,5,5,1,1,5,349,62.959677,61.960830,61.316616,60.817546,60.396407,60.024470,59.687276,59.376631,59.087440,58.816282,58.560720,58.318927,58.089477,57.871223,57.663214,57.464648,57.274833,57.093166,56.919114,56.752203,56.592002,56.438126,56.290218,56.147956,56.011040,55.879193,55.752159,55.629701,55.511596,55.397636,55.287626,55.181386,55.078743,54.979536,54.883614,54.790834,54.701060,54.614166,54.530029,54.448537,54.369581,54.293058,54.218871,54.146928,54.077140,54.009425,53.943703,53.879898,53.817937,53.757754
286,3,1,6,5,5,1,1,5,104,29.371109,29.219246,29.124742,29.053376,28.995153,28.945573,28.902152,28.863367,28.828214,28.795998,28.766221,28.738512,28.712589,28.688233,28.665266,28.643547,28.622957,28.603397,28.584782,28.567040,28.550107,28.533927,28.518450,28.503632,28.489433,28.475816,28.462748,28.450198,28.438140,28.426546,28.415395,28.404662,28.394328,28.384374,28.374782,28.365534,28.356616,28.348013,28.339711,28.331696,28.323957,28.316482,28.309260,28.302280,28.295534,28.289011,28.282702,28.276600,28.270697,28.264984
55,3,1,6,5,5,1,1,5,100,62.202193,60.233796,59.028670,58.150140,57.450804,56.864024,56.354850,55.903056,55.496020,55.125370,54.785258,54.471416,54.180612,53.910313,53.658481,53.423433,53.203748,52.998208,52.805748,52.625426,52.456399,52.297907,52.149256,52.009812,51.878989,51.756246,51.641081,51.533025,51.431641,51.336521,51.247282,51.163566,51.085037,51.011377,50.942290,50.877497,50.816737,50.759761,50.706339,50.656253,50.609297,50.565278,50.524016,50.485340,50.449090,50.415116,50.383275,50.353436,50.325474,50.299271
2320,5,1,6,2,3,3,3,5,927,71.330069,69.709681,68.707896,67.978129,67.403868,66.930383,66.527273,66.175879,65.863961,65.583095,65.327256,65.092007,64.873993,64.670620,64.479848,64.300040,64.129865,63.968228,63.814215,63.667054,63.526089,63.390757,63.260571,63.135106,63.013989,62.896891,62.783520,62.673616,62.566946,62.463299,62.362488,62.264340,62.168699,62.075424,61.984384,61.895461,61.808545,61.723535,61.640338,61.558868,61.479046,61.400796,61.324051,61.248745,61.174819,61.102217,61.030886,60.960777,60.891843,60.824041
1929,5,1,6,3,3,5,2,5,863,70.166897,68.599585,67.657465,66.981416,66.454909,66.023933,65.658715,65.341133,65.059426,64.805604,64.574042,64.360660,64.162418,63.977001,63.802605,63.637801,63.481434,63.332557,63.190384,63.054251,62.923596,62.797933,62.676840,62.559950,62.446940,62.337521,62.231439,62.128463,62.028390,61.931032,61.836222,61.743807,61.653647,61.565616,61.479596,61.395481,61.313172,61.232579,61.153617,61.076208,61.000281,60.925769,60.852610,60.780745,60.710121,60.640688,60.572397,60.505206,60.439071,60.373956
430,4,1,6,4,3,4,2,5,344,68.392604,67.258113,66.511849,65.920559,65.416159,64.968835,64.562684,64.188145,63.838978,63.510852,63.200621,62.905910,62.624870,62.356029,62.098183,61.850337,61.611650,61.381404,61.158980,60.943837,60.735499,60.533543,60.337594,60.147311,59.962389,59.782551,59.607543,59.437133,59.271108,59.109271,58.951443,58.797452,58.647145,58.500373,58.357001,58.216902,58.079954,57.946047,57.815074,57.686934,57.561535,57.438785,57.318601,57.200902,57.085612,56.972659,56.861974,56.753490,56.647146,56.542880
2442,5,1,6,2,4,2,2,5,905,72.388274,70.682370,69.654179,68.923459,68.358718,67.898578,67.509757,67.172382,66.873739,66.605262,66.360935,66.136385,65.928342,65.734301,65.552304,65.380788,65.218487,65.064361,64.917544,64.777309,64.643034,64.514189,64.390311,64.271000,64.155903,64.044707,63.937137,63.832944,63.731907,63.633826,63.538520,63.445823,63.355587,63.267675,63.181960,63.098328,63.016672,62.936893,62.858901,62.782611,62.707944,62.634828,62.563195,62.492979,62.424123,62.356570,62.290268,62.225166,62.161220,62.098384
579,4,1,6,5,5,1,1,5,437,69.819891,68.188248,67.238895,66.564967,66.036292,65.595908,65.214466,64.875109,64.567349,64.284249,64.020991,63.774094,63.540962,63.319610,63.108479,62.906328,62.712150,62.525115,62.344534,62.169823,62.000488,61.836104,61.676303,61.520764,61.369206,61.221379,61.077063,60.936059,60.798190,60.663296,60.531231,60.401863,60.275072,60.150746,60.028785,59.909093,59.791584,59.676178,59.562799,59.451377,59.341847,59.234148,59.128221,59.024013,58.921472,58.820551,58.721204,58.623388,58.527061,58.432185
155,3,1,6,5,5,1,1,5,211,67.754556,65.669462,64.284992,63.238436,62.395433,61.689758,61.083307,60.551900,60.079134,59.653352,59.265977,58.910529,58.582012,58.276503,57.990878,57.722613,57.469651,57.230290,57.003114,56.786930,56.580728,56.383642,56.194926,56.013932,55.840095,55.672917,55.511957,55.356823,55.207165,55.062667,54.923044,54.788039,54.657417,54.530962,54.408477,54.289782,54.174708,54.063100,53.954815,53.849718,53.747683,53.648595,53.552343,53.458823,53.367939,53.279599,53.193715,53.110206,53.028994,52.950005
2714,5,1,6,5,4,1,5,4,892,72.311585,70.873708,70.052943,69.498834,69.094428,68.785131,68.539730,68.338328,68.167750,68.019150,67.886454,67.765313,67.652459,67.545330,67.441882,67.340515,67.240034,67.139632,67.038838,66.937457,66.835483,66.733031,66.630271,66.527384,66.424537,66.321870,66.219493,66.117486,66.015906,65.914790,65.814160,65.714030,65.614406,65.515290,65.416684,65.318587,65.221001,65.123929,65.027377,64.931349,64.835856,64.740907,64.646513,64.552688,64.459445,64.366799,64.274764,64.183355,64.092588,64.002477
1725,5,1,6,3,4,2,2,5,584,63.879400,62.823445,62.210040,61.777139,61.442669,61.169933,60.939177,60.738525,60.560310,60.399328,60.251909,60.115388,59.987787,59.867600,59.753669,59.645081,59.541115,59.441186,59.344820,59.251626,59.161278,59.073505,58.988076,58.904793,58.823487,58.744012,58.666241,58.590062,58.515376,58.442095,58.370143,58.299449,58.229952,58.161593,58.094323,58.028094,57.962864,57.898593,57.835247,57.772791,57.711196,57.650431,57.590473,57.531294,57.472873,57.415188,57.358218,57.301945,57.246350,57.191416
1269,5,1,6,3,4,1,1,4,535,65.548234,64.407180,63.765861,63.323264,62.984027,62.706793,62.470322,62.262445,62.075620,61.904896,61.746868,61.599107,61.459830,61.327689,61.201648,61.080890,60.964766,60.852747,60.744400,60.639363,60.537335,60.438058,60.341312,60.246908,60.154680,60.064486,59.976196,59.889700,59.804897,59.721697,59.640020,59.559794,59.480951,59.403431,59.327181,59.252150,59.178290,59.105560,59.033920,58.963332,58.893764,58.825182,58.757557,58.690861,58.625068,58.560152,58.496090,58.432861,58.370443,58.308817
988,5,1,6,5,5,1,1,5,564,70.037557,68.601790,67.819261,67.293635,66.900730,66.586802,66.324191,66.097035,65.895532,65.713285,65.545938,65.390421,65.244504,65.106531,64.975241,64.849659,64.729018,64.612704,64.500221,64.391161,64.285186,64.182014,64.081406,63.983159,63.887098,63.793070,63.700946,63.610608,63.521954,63.434895,63.349350,63.265245,63.182516,63.101104,63.020954,62.942019,62.864252,62.787614,62.712065,62.637570,62.564097,62.491615,62.420095,62.349512,62.279839,62.211053,62.143132,62.076056,62.009803,61.944355
1364,3,1,6,5,5,1,1,5,542,64.323447,62.935106,62.135334,61.583221,61.165485,60.831010,60.552464,60.313603,60.104064,59.916894,59.747241,59.591612,59.447428,59.312743,59.186059,59.066203,58.952245,58.843436,58.739164,58.638926,58.542303,58.448941,58.358542,58.270850,58.185646,58.102737,58.021959,57.943163,57.866221,57.791018,57.717451,57.645429,57.574868,57.505695,57.437840,57.371242,57.305845,57.241596,57.178447,57.116354,57.055276,56.995175,56.936017,56.877767,56.820395,56.763872,56.708171,56.653266,56.599133,56.545751
4812,5,1,6,3,3,3,3,4,545,56.930132,55.812205,55.266635,54.933924,54.701791,54.525352,54.383545,54.265182,54.163706,54.074966,53.996169,53.925348,53.861059,53.802216,53.747978,53.697682,53.650795,53.606884,53.565593,53.526624,53.489727,53.454688,53.421328,53.389487,53.359032,53.329843,53.301816,53.274860,53.248892,53.223840,53.199640,53.176234,53.153568,53.131596,53.110274,53.089564,53.069430,53.049840,53.030763,53.012172,52.994041,52.976349,52.959072,52.942190,52.925686,52.909542,52.893742,52.878271,52.863114,52.848259
4297,5,1,6,4,4,3,3,5,534,57.028061,55.977889,55.460754,55.139478,54.911129,54.734792,54.591201,54.470031,54.365166,54.272691,54.189945,54.115035,54.046565,53.983479,53.924955,53.870345,53.819126,53.770874,53.725239,53.681929,53.640698,53.601338,53.563671,53.527543,53.492822,53.459392,53.427151,53.396009,53.365888,53.336715,53.308429,53.280972,53.254293,53.228347,53.203089,53.178484,53.154495,53.131091,53.108242,53.085920,53.064102,53.042764,53.021884,53.001442,52.981419,52.961799,52.942565,52.923701,52.905193,52.887028
8197,5,1,6,5,4,1,5,4,630,56.837845,55.771207,55.249109,54.929292,54.706295,54.537639,54.403091,54.291731,54.197066,54.114943,54.042549,53.977895,53.919527,53.866348,53.817517,53.772372,53.730389,53.691142,53.654285,53.619531,53.586640,53.555412,53.525676,53.497286,53.470117,53.444060,53.419020,53.394915,53.371671,53.349224,53.327516,53.306496,53.286119,53.266341,53.247128,53.228443,53.210257,53.192542,53.175271,53.158421,53.141970,53.125899,53.110189,53.094822,53.079783,53.065057,53.050630,53.036490,53.022624,53.009021
1516,5,1,6,3,4,2,2,5,575,64.502908,63.339086,62.603222,62.057169,61.621460,61.258613,60.947592,60.675288,60.432946,60.214426,60.015259,59.832099,59.662379,59.504096,59.355656,59.215776,59.083407,58.957684,58.837885,58.723402,58.613716,58.508387,58.407031,58.309316,58.214952,58.123683,58.035284,57.949553,57.866311,57.785398,57.706668,57.629989,57.555245,57.482325,57.411132,57.341576,57.273572,57.207045,57.141924,57.078145,57.015646,56.954373,56.894272,56.835295,56.777397,56.720535,56.664671,56.609766,56.555785,56.502697
729,4,1,6,4,4,2,1,5,410,65.452909,64.176595,63.365164,62.760865,62.276997,61.871877,61.522051,61.213069,60.935458,60.682698,60.450125,60.234293,60.032583,59.842959,59.663807,59.493825,59.331947,59.177290,59.029114,58.886793,58.749793,58.617653,58.489976,58.366415,58.246664,58.130456,58.017552,57.907741,57.800833,57.696659,57.595065,57.495912,57.399075,57.304438,57.211896,57.121354,57.032723,56.945922,56.860875,56.777513,56.695770,56.615586,56.536906,56.459675,56.383846,56.309371,56.236208,56.164315,56.093653,56.024186
274,3,1,6,4,5,1,1,5,268,67.093179,65.598027,64.585377,63.804650,63.164282,62.618048,62.139225,61.711066,61.322447,60.965625,60.635004,60.326409,60.036643,59.763203,59.504091,59.257689,59.022663,58.797904,58.582479,58.375593,58.176563,57.984797,57.799782,57.621063,57.448239,57.280954,57.118888,56.961752,56.809288,56.661258,56.517447,56.377656,56.241705,56.109425,55.980662,55.855271,55.733119,55.614079,55.498035,55.384877,55.274503,55.166814,55.061719,54.959133,54.858971,54.761158,54.665619,54.572285,54.481087,54.391963
2134,5,1,6,3,4,2,3,5,884,66.518623,65.198700,64.433301,63.902204,63.499858,63.178118,62.910987,62.682896,62.483841,62.307062,62.147806,62.002627,61.868965,61.744872,61.628841,61.519685,61.416455,61.318386,61.224849,61.135324,61.049376,60.966640,60.886802,60.809596,60.734791,60.662185,60.591605,60.522894,60.455918,60.390553,60.326694,60.264241,60.203109,60.143218,60.084496,60.026879,59.970308,59.914728,59.860090,59.806348,59.753459,59.701385,59.650090,59.599541,59.549705,59.500555,59.452064,59.404206,59.356958,59.310297
1345,5,1,6,3,2,5,5,4,716,67.196181,66.011814,65.329353,64.846784,64.470609,64.160190,63.894310,63.660521,63.450908,63.260134,63.084435,62.921062,62.767954,62.623524,62.486532,62.355988,62.231094,62.111195,61.995750,61.884305,61.776478,61.671942,61.570417,61.471660,61.375461,61.281634,61.190015,61.100461,61.012842,60.927042,60.842959,60.760497,60.679572,60.600107,60.522031,60.445280,60.369794,60.295518,60.222402,60.150399,60.079466,60.009562,59.940650,59.872695,59.805664,59.739525,59.674251,59.609813,59.546187,59.483348
1157,5,1,6,3,4,3,2,4,482,63.595845,62.440064,61.733235,61.226940,60.834565,60.514714,60.244480,60.009970,59.802198,59.615057,59.444244,59.286626,59.139869,59.002193,58.872217,58.748855,58.631235,58.518652,58.410532,58.306395,58.205843,58.108540,58.014201,57.922580,57.833466,57.746677,57.662052,57.579449,57.498745,57.419829,57.342600,57.266970,57.192860,57.120195,57.048909,56.978943,56.910240,56.842749,56.776424,56.711220,56.647097,56.584017,56.521945,56.460848,56.400695,56.341457,56.283108,56.225620,56.168969,56.113134
559,5,1,6,5,4,3,2,5,349,65.440739,63.806699,62.727160,61.918776,61.275765,60.744633,60.294228,59.904733,59.562720,59.258650,58.985485,58.737887,58.511708,58.303665,58.111124,57.931940,57.764354,57.606905,57.458374,57.317735,57.184117,57.056781,56.935093,56.818507,56.706551,56.598815,56.494941,56.394615,56.297563,56.203539,56.112328,56.023739,55.937599,55.853756,55.772071,55.692420,55.614691,55.538782,55.464601,55.392062,55.321090,55.251613,55.183567,55.116892,55.051532,54.987438,54.924560,54.862855,54.802283,54.742805
116,3,1,6,3,3,2,2,4,167,64.714024,63.408657,62.506291,61.783059,61.165675,60.620117,60.127632,59.676692,59.259639,58.871079,58.507034,58.164461,57.840964,57.534607,57.243795,56.967189,56.703652,56.452201,56.211982,55.982243,55.762316,55.551605,55.349574,55.155737,54.969652,54.790915,54.619156,54.454032,54.295227,54.142448,53.995420,53.853888,53.717613,53.586370,53.459947,53.338147,53.220781,53.107670,52.998647,52.893551,52.792230,52.694539,52.600340,52.509503,52.421901,52.337414,52.255928,52.177332,52.101521,52.028394
1554,5,1,6,4,3,3,1,4,574,64.645194,63.459204,62.741469,62.226381,61.824793,61.495481,61.215855,60.972214,60.755666,60.560157,60.381407,60.216293,60.062485,59.918196,59.782038,59.652908,59.529922,59.412355,59.299613,59.191198,59.086691,58.985735,58.888026,58.793300,58.701326,58.611903,58.524855,58.440023,58.357268,58.276464,58.197498,58.120269,58.044684,57.970658,57.898116,57.826986,57.757204,57.688710,57.621449,57.555371,57.490428,57.426575,57.363773,57.301982,57.241166,57.181292,57.122329,57.064246,57.007016,56.950612
686,5,1,6,4,3,4,2,5,384,64.960813,63.606922,62.716575,62.048558,61.515536,61.073442,60.696382,60.367777,60.076411,59.814390,59.575989,59.356950,59.154039,58.964755,58.787130,58.619594,58.460876,58.309934,58.165907,58.028072,57.895821,57.768633,57.646063,57.527725,57.413282,57.302441,57.194943,57.090557,56.989081,56.890331,56.794145,56.700374,56.608885,56.519558,56.432283,56.346959,56.263495,56.181806,56.101815,56.023450,55.946645,55.871339,55.797475,55.725000,55.653865,55.584023,55.515430,55.448048,55.381837,55.316761
175,4,1,6,4,1,3,1,4,205,66.253651,64.292609,63.047342,62.124355,61.387616,60.772536,60.243164,59.777424,59.360814,58.983332,58.637805,58.318927,58.022670,57.745905,57.486154,57.241420,57.010069,56.790745,56.582310,56.383796,56.194373,56.013324,55.840022,55.673917,55.514520,55.361398,55.214161,55.072459,54.935977,54.804425,54.677542,54.555086,54.436839,54.322595,54.212166,54.105379,54.002070,53.902088,53.805293,53.711552,53.620740,53.532742,53.447447,53.364753,53.284560,53.206776,53.131315,53.058091,52.987028,52.918048
141,5,1,6,4,1,1,1,4,186,65.271378,63.594270,62.493956,61.657491,60.975554,60.396175,59.890313,59.439990,59.033259,58.661763,58.319421,58.001667,57.704984,57.426609,57.164325,56.916334,56.681152,56.457541,56.244460,56.041020,55.846460,55.660119,55.481419,55.309856,55.144978,54.986387,54.833724,54.686666,54.544919,54.408216,54.276312,54.148985,54.026024,53.907240,53.792453,53.681496,53.574213,53.470459,53.370096,53.272994,53.179031,53.088090,53.000062,52.914842,52.832331,52.752434,52.675059,52.600122,52.527539,52.457231
70,3,1,6,5,2,1,1,1,134,67.052511,64.900262,63.460595,62.356539,61.450601,60.676875,59.998823,59.394080,58.847877,58.349849,57.892371,57.469618,57.077016,56.710888,56.368231,56.046554,55.743771,55.458113,55.188069,54.932339,54.689795,54.459452,54.240445,54.032008,53.833459,53.644190,53.463653,53.291352,53.126835,52.969692,52.819543,52.676041,52.538862,52.407707,52.282295,52.162364,52.047668,51.937975,51.833066,51.732734,51.636782,51.545024,51.457281,51.373384,51.293171,51.216488,51.143186,51.073124,51.006167,50.942183
1539,5,1,6,5,5,4,1,5,566,64.861750,63.639248,62.871560,62.312994,61.875885,61.517613,61.214145,60.950648,60.717375,60.507619,60.316602,60.140816,59.977631,59.825031,59.681446,59.545633,59.416597,59.293528,59.175759,59.062738,58.954000,58.849150,58.747852,58.649816,58.554788,58.462548,58.372901,58.285675,58.200716,58.117886,58.037061,57.958130,57.880990,57.805548,57.731721,57.659430,57.588603,57.519175,57.451084,57.384274,57.318692,57.254290,57.191021,57.128842,57.067714,57.007599,56.948462,56.890269,56.832989,56.776593
155,5,1,6,5,5,4,1,5,189,64.591230,63.112949,62.120069,61.358703,60.734088,60.199587,59.728953,59.306108,58.920577,58.565198,58.234874,57.925848,57.635272,57.360926,57.101043,56.854186,56.619166,56.394982,56.180785,55.975838,55.779502,55.591211,55.410466,55.236817,55.069861,54.909232,54.754596,54.605648,54.462106,54.323712,54.190225,54.061422,53.937094,53.817047,53.701098,53.589077,53.480821,53.376180,53.275009,53.177172,53.082542,52.990996,52.902418,52.816699,52.733732,52.653420,52.575665,52.500376,52.427468,52.356857
273,5,1,6,5,5,4,1,5,282,69.044497,67.461659,66.401059,65.584804,64.913008,64.337132,63.829857,63.374303,62.959316,62.577131,62.222117,61.890053,61.577688,61.282461,61.002320,60.735587,60.480877,60.237030,60.003065,59.778143,59.561542,59.352634,59.150872,58.955773,58.766908,58.583897,58.406399,58.234108,58.066747,57.904064,57.745831,57.591839,57.441896,57.295826,57.153465,57.014663,56.879280,56.747185,56.618257,56.492381,56.369452,56.249368,56.132036,56.017366,55.905274,55.795680,55.688509,55.583688,55.481150,55.380830
195,3,1,6,4,5,1,1,5,129,58.641548,57.627511,56.944647,56.405506,55.951818,55.557040,55.206428,54.890726,54.603620,54.340548,54.098071,53.873509,53.664725,53.469975,53.287811,53.117017,52.956557,52.805537,52.663181,52.528810,52.401820,52.281679,52.167908,52.060075,51.957793,51.860708,51.768498,51.680866,51.597543,51.518279,51.442842,51.371019,51.302612,51.237435,51.175317,51.116097,51.059623,51.005754,50.954359,50.905313,50.858498,50.813805,50.771129,50.730372,50.691441,50.654250,50.618714,50.584756,50.552302,50.521280
184,3,1,6,5,5,1,1,5,115,55.773082,54.675778,54.079030,53.677604,53.373550,53.126580,52.917122,52.734383,52.571800,52.425076,52.291233,52.168119,52.054123,51.948008,51.848800,51.755717,51.668124,51.585491,51.507377,51.433405,51.363252,51.296637,51.233314,51.173065,51.115695,51.061031,51.008915,50.959204,50.911766,50.866480,50.823236,50.781929,50.742464,50.704751,50.668705,50.634248,50.601306,50.569808,50.539688,50.510883,50.483335,50.456986,50.431784,50.407677,50.384617,50.362558,50.341456,50.321269,50.301957,50.283483
229,5,1,6,5,5,1,1,4,123,55.851704,54.637815,54.002096,53.590830,53.288651,53.048427,52.847730,52.674511,52.521632,52.384527,52.260098,52.146139,52.041024,51.943513,51.852639,51.767628,51.687852,51.612788,51.541998,51.475110,51.411802,51.351795,51.294842,51.240726,51.189254,51.140252,51.093561,51.049041,51.006562,50.966005,50.927261,50.890230,50.854820,50.820945,50.788525,50.757487,50.727761,50.699284,50.671994,50.645835,50.620753,50.596700,50.573627,50.551491,50.530249,50.509862,50.490292,50.471503,50.453463,50.436138
297,3,1,6,5,5,1,1,5,159,56.268752,55.229775,54.704714,54.359910,54.099473,53.886985,53.705550,53.546052,53.403001,53.272826,53.153066,53.041952,52.938169,52.840712,52.748796,52.661794,52.579197,52.500587,52.425611,52.353974,52.285420,52.219730,52.156711,52.096192,52.038023,51.982068,51.928206,51.876324,51.826323,51.778109,51.731598,51.686711,51.643373,51.601519,51.561082,51.522006,51.484232,51.447709,51.412386,51.378218,51.345160,51.313169,51.282206,51.252232,51.223213,51.195112,51.167897,51.141537,51.116003,51.091264
631,4,1,6,4,4,2,1,5,383,64.010932,62.864817,62.160745,61.650442,61.247914,60.912974,60.623808,60.367438,60.135627,59.922884,59.725401,59.540441,59.365979,59.200478,59.042743,58.891826,58.746960,58.607518,58.472977,58.342897,58.216903,58.094675,57.975933,57.860435,57.747967,57.638340,57.531387,57.426958,57.324918,57.225147,57.127533,57.031978,56.938390,56.846686,56.756788,56.668627,56.582137,56.497258,56.413933,56.332109,56.251738,56.172773,56.095172,56.018894,55.943901,55.870157,55.797626,55.726278,55.656081,55.587006
101,3,1,6,4,5,1,1,5,151,63.622801,62.298032,61.383681,60.645925,60.013092,59.452694,58.946758,58.484071,58.057053,57.660284,57.289716,56.942221,56.615311,56.306963,56.015494,55.739484,55.477712,55.229120,54.992778,54.767859,54.553627,54.349417,54.154630,53.968716,53.791174,53.621545,53.459404,53.304358,53.156041,53.014115,52.878262,52.748187,52.623613,52.504278,52.389938,52.280362,52.175333,52.074645,51.978105,51.885528,51.796740,51.711577,51.629881,51.551503,51.476301,51.404141,51.334895,51.268439,51.204658,51.143439
2165,5,1,6,5,4,5,3,5,637,63.703938,62.424079,61.645579,61.084435,60.646153,60.287246,59.984000,59.722004,59.491804,59.286839,59.102352,58.934783,58.781391,58.640024,58.508962,58.386808,58.272419,58.164845,58.063290,57.967083,57.875654,57.788514,57.705241,57.625471,57.548888,57.475212,57.404201,57.335638,57.269332,57.205113,57.142830,57.082346,57.023540,56.966301,56.910529,56.856135,56.803036,56.751157,56.700431,56.650794,56.602189,56.554563,56.507868,56.462060,56.417095,56.372936,56.329548,56.286897,56.244952,56.203684
544,4,1,6,4,4,3,1,5,355,64.055436,62.863226,62.174015,61.678899,61.284555,60.951256,60.658843,60.395852,60.155194,59.932197,59.723618,59.527116,59.340939,59.163737,58.994449,58.832216,58.676336,58.526221,58.381377,58.241379,58.105860,57.974499,57.847016,57.723161,57.602711,57.485467,57.371250,57.259896,57.151259,57.045203,56.941606,56.840354,56.741343,56.644477,56.549666,56.456830,56.365890,56.276775,56.189418,56.103757,56.019734,55.937294,55.856384,55.776956,55.698965,55.622366,55.547120,55.473186,55.400528,55.329112
582,4,1,6,3,5,1,1,5,381,64.470996,63.194412,62.433274,61.885527,61.453394,61.093634,60.783480,60.509485,60.263036,60.038276,59.831034,59.638237,59.457555,59.287182,59.125690,58.971936,58.824987,58.684079,58.548574,58.417936,58.291714,58.169521,58.051024,57.935938,57.824011,57.715024,57.608785,57.505124,57.403888,57.304942,57.208165,57.113447,57.020689,56.929801,56.840701,56.753314,56.667572,56.583410,56.500772,56.419603,56.339852,56.261473,56.184422,56.108659,56.034145,55.960845,55.888724,55.817751,55.747895,55.679128
792,5,1,3,5,5,1,1,5,471,67.858125,66.372327,65.488700,64.853840,64.353236,63.936135,63.575953,63.257127,62.969785,62.707273,62.464889,62.239187,62.027562,61.827996,61.638894,61.458971,61.287178,61.122646,60.964645,60.812560,60.665863,60.524101,60.386878,60.253851,60.124716,59.999206,59.877081,59.758130,59.642160,59.528999,59.418492,59.310496,59.204883,59.101534,59.000341,58.901205,58.804034,58.708742,58.615252,58.523491,58.433390,58.344886,58.257920,58.172437,58.088385,58.005715,57.924382,57.844342,57.765555,57.687981
175,3,1,6,5,5,1,1,5,186,62.999090,61.999090,61.317839,60.762335,60.277955,59.841665,59.441382,59.069822,58.722159,58.394978,58.085734,57.792459,57.513583,57.247823,56.994110,56.751535,56.519314,56.296764,56.083281,55.878329,55.681424,55.492130,55.310049,55.134815,54.966094,54.803575,54.646971,54.496014,54.350454,54.210056,54.074600,53.943879,53.817699,53.695875,53.578232,53.464606,53.354840,53.248785,53.146299,53.047248,52.951503,52.858942,52.769447,52.682908,52.599216,52.518270,52.439972,52.364228,52.290948,52.220046
3268,5,1,6,5,5,4,1,5,752,63.050439,61.904091,61.231237,60.761515,60.404133,60.117263,59.878304,59.673771,59.495034,59.336270,59.193381,59.063382,58.944036,58.833628,58.730813,58.634520,58.543884,58.458194,58.376862,58.299398,58.225384,58.154469,58.086348,58.020760,57.957477,57.896302,57.837059,57.779596,57.723777,57.669479,57.616597,57.565031,57.514696,57.465513,57.417411,57.370325,57.324196,57.278972,57.234603,57.191044,57.148254,57.106196,57.064833,57.024134,56.984069,56.944611,56.905732,56.867410,56.829622,56.792347
104,3,1,6,4,5,1,1,5,145,65.099697,63.553175,62.476022,61.611149,60.872809,60.221372,59.635036,59.100354,58.608318,58.152504,57.728102,57.331375,56.959329,56.609508,56.279857,55.968629,55.674320,55.395618,55.131372,54.880559,54.642267,54.415676,54.200044,53.994700,53.799031,53.612476,53.434518,53.264685,53.102536,52.947665,52.799695,52.658273,52.523072,52.393784,52.270123,52.151818,52.038616,51.930279,51.826580,51.727309,51.632264,51.541256,51.454104,51.370639,51.290697,51.214127,51.140780,51.070518,51.003209,50.938727
206,3,1,6,3,4,2,1,5,192,61.399344,60.339120,59.620004,59.054788,58.582778,58.174712,57.813660,57.488812,57.192817,56.920450,56.667863,56.432140,56.211019,56.002709,55.805765,55.619003,55.441443,55.272257,55.110741,54.956293,54.808387,54.666566,54.530426,54.399608,54.273791,54.152687,54.036037,53.923602,53.815167,53.710535,53.609523,53.511962,53.417697,53.326581,53.238481,53.153269,53.070827,52.991043,52.913811,52.839034,52.766617,52.696471,52.628513,52.562662,52.498843,52.436983,52.377013,52.318868,52.262484,52.207801
478,1,1,6,5,2,1,1,1,342,63.536629,62.096316,61.174576,60.490722,59.946195,59.494147,59.108270,58.772153,58.474798,58.208451,57.967427,57.747437,57.545165,57.357999,57.183847,57.021013,56.868103,56.723960,56.587618,56.458257,56.335182,56.217797,56.105587,55.998108,55.894969,55.795829,55.700388,55.608378,55.519563,55.433731,55.350691,55.270274,55.192323,55.116699,55.043275,54.971934,54.902569,54.835082,54.769384,54.705392,54.643028,54.582222,54.522906,54.465020,54.408506,54.353309,54.299381,54.246672,54.195138,54.144738
94,3,1,6,4,4,1,1,5,117,59.640225,58.274480,57.400493,56.744195,56.210233,55.755039,55.355472,54.997922,54.673739,54.377074,54.103762,53.850700,53.615495,53.396237,53.191364,52.999567,52.819732,52.650892,52.492197,52.342896,52.202316,52.069850,51.944949,51.827110,51.715877,51.610828,51.511575,51.417761,51.329055,51.245149,51.165757,51.090615,51.019475,50.952106,50.888292,50.827832,50.770536,50.716229,50.664743,50.615924,50.569626,50.525710,50.484047,50.444517,50.407005,50.371403,50.337609,50.305528,50.275069,50.246147
93,3,1,6,3,2,1,2,1,151,60.786482,59.292635,58.328227,57.593218,56.989792,56.474128,56.022629,55.620924,55.259447,54.931409,54.631755,54.356582,54.102796,53.867887,53.649785,53.446757,53.257333,53.080251,52.914420,52.758887,52.612812,52.475453,52.346146,52.224298,52.109372,52.000885,51.898397,51.801505,51.709843,51.623073,51.540887,51.462998,51.389141,51.319074,51.252568,51.189414,51.129416,51.072390,51.018167,50.966589,50.917505,50.870779,50.826279,50.783884,50.743479,50.704957,50.668218,50.633167,50.599715,50.567779
91,3,1,6,3,3,2,1,4,122,60.214268,58.915761,58.112104,57.491457,56.967970,56.508114,56.095409,55.720289,55.376496,55.059576,54.766161,54.493600,54.239733,54.002761,53.781156,53.573601,53.378947,53.196183,53.024409,52.862820,52.710689,52.567361,52.432239,52.304777,52.184476,52.070876,51.963556,51.862124,51.766219,51.675505,51.589671,51.508429,51.431507,51.358655,51.289637,51.224235,51.162243,51.103468,51.047731,50.994863,50.944706,50.897109,50.851935,50.809050,50.768333,50.729665,50.692938,50.658049,50.624900,50.593399
103,3,1,6,3,5,1,1,5,86,55.455573,54.167977,53.442422,52.950597,52.581905,52.288145,52.044768,51.837771,51.658432,51.500926,51.361143,51.236058,51.123372,51.021292,50.928385,50.843493,50.765662,50.694095,50.628123,50.567173,50.510756,50.458445,50.409869,50.364702,50.322655,50.283471,50.246922,50.212801,50.180922,50.151118,50.123236,50.097137,50.072694,50.049791,50.028322,50.008189,49.989301,49.971576,49.954935,49.939309,49.924631,49.910840,49.897879,49.885695,49.874240,49.863466,49.853333,49.843799,49.834828,49.826385
93,3,1,6,4,3,2,1,4,81,53.938585,52.818071,52.297209,51.973400,51.739474,51.556341,51.405928,51.278427,51.167927,51.070599,50.983826,50.905738,50.834949,50.770401,50.711263,50.656871,50.606682,50.560247,50.517186,50.477177,50.439941,50.405238,50.372854,50.342603,50.314318,50.287848,50.263060,50.239832,50.218053,50.197623,50.178449,50.160447,50.143538,50.127651,50.112720,50.098682,50.085481,50.073064,50.061382,50.050389,50.040042,50.030301,50.021129,50.012492,50.004356,49.996692,49.989471,49.982666,49.976253,49.970208
138,5,1,6,2,5,2,1,5,113,55.226438,54.067142,53.511953,53.171424,52.930899,52.745259,52.593361,52.464032,52.350818,52.249718,52.158116,52.074216,51.996735,51.924730,51.857480,51.794425,51.735114,51.679181,51.626321,51.576275,51.528822,51.483768,51.440944,51.400201,51.361404,51.324432,51.289176,51.255537,51.223422,51.192748,51.163438,51.135420,51.108627,51.082997,51.058472,51.034999,51.012526,50.991006,50.970395,50.950649,50.931729,50.913598,50.896220,50.879561,50.863590,50.848276,50.833590,50.819506,50.805996,50.793038
80,3,1,6,4,5,1,1,5,123,62.990287,61.466226,60.364865,59.471093,58.708032,58.038256,57.440250,56.900200,56.408510,55.958120,55.543603,55.160649,54.805746,54.475976,54.168871,53.882319,53.614492,53.363793,53.128816,52.908316,52.701181,52.506417,52.323128,52.150503,51.987809,51.834377,51.689595,51.552903,51.423789,51.301778,51.186435,51.077354,50.974162,50.876512,50.784080,50.696565,50.613686,50.535181,50.460805,50.390329,50.323535,50.260224,50.200204,50.143297,50.089336,50.038162,49.989626,49.943588,49.899916,49.858485
103,5,1,3,5,5,1,1,5,306,40.222244,39.654491,39.336989,39.111412,38.929582,38.772229,38.630243,38.498817,38.375210,38.257756,38.145384,38.037366,37.933182,37.832436,37.734811,37.640047,37.547917,37.458223,37.370788,37.285451,37.202067,37.120503,37.040638,36.962364,36.885579,36.810195,36.736129,36.663309,36.591668,36.521146,36.451691,36.383256,36.315797,36.249276,36.183661,36.118921,36.055028,35.991960,35.929694,35.868212,35.807497,35.747534,35.688309,35.629809,35.572025,35.514945,35.458562,35.402865,35.347849,35.293506
77,5,1,3,5,5,1,1,5,125,63.154798,61.699907,60.654447,59.802367,59.072464,58.430450,57.856355,57.337113,56.863497,56.428647,56.027270,55.655175,55.308971,54.985871,54.683550,54.400049,54.133694,53.883044,53.646847,53.424004,53.213545,53.014606,52.826415,52.648273,52.479548,52.319665,52.168095,52.024354,51.887995,51.758602,51.635792,51.519205,51.408507,51.303384,51.203543,51.108708,51.018619,50.933032,50.851717,50.774456,50.701043,50.631284,50.564995,50.502003,50.442141,50.385254,50.331193,50.279818,50.230994,50.184596
53,5,1,3,4,5,1,1,5,108,62.944095,60.880580,59.496905,58.449904,57.603461,56.889607,56.270170,55.721883,55.229623,54.783034,54.374707,53.999146,53.652134,53.330353,53.031123,52.752237,52.491841,52.248354,52.020409,51.806808,51.606492,51.418514,51.242023,51.076247,50.920481,50.774081,50.636453,50.507049,50.385361,50.270916,50.163274,50.062026,49.966788,49.877201,49.792927,49.713652,49.639080,49.568931,49.502945,49.440876,49.382491,49.327574,49.275919,49.227333,49.181636,49.138656,49.098232,49.060213,49.024457,48.990828
218,3,1,6,5,5,1,1,5,207,66.139785,64.461860,63.393947,62.607796,61.979828,61.450828,60.988857,60.575208,60.198172,59.850011,59.525366,59.220376,58.932168,58.658545,58.397782,58.148501,57.909582,57.680096,57.459266,57.246434,57.041034,56.842578,56.650638,56.464838,56.284844,56.110357,55.941110,55.776859,55.617384,55.462483,55.311971,55.165677,55.023442,54.885120,54.750573,54.619673,54.492298,54.368336,54.247678,54.130223,54.015875,53.904542,53.796136,53.690573,53.587774,53.487662,53.390162,53.295206,53.202723,53.112649
37,3,1,6,5,5,1,1,5,74,60.771421,58.639971,57.259814,56.238470,55.426217,54.749300,54.167171,53.655952,53.200735,52.791660,52.421835,52.086177,51.780755,51.502400,51.248473,51.016710,50.805134,50.611989,50.435697,50.274831,50.128090,49.994282,49.872318,49.761193,49.659987,49.567851,49.484004,49.407730,49.338368,49.275314,49.218010,49.165947,49.118658,49.075714,49.036725,49.001331,48.969207,48.940054,48.913599,48.889595,48.867815,48.848055,48.830125,48.813858,48.799097,48.785702,48.773546,48.762512,48.752496,48.743402
634,5,1,3,5,5,1,1,5,411,64.062904,62.474182,61.517431,60.843298,60.327309,59.910978,59.562510,59.262921,59.000081,58.765818,58.554389,58.361608,58.184337,58.020159,57.867176,57.723868,57.589002,57.461561,57.340700,57.225707,57.115981,57.011005,56.910337,56.813593,56.720439,56.630583,56.543765,56.459760,56.378366,56.299402,56.222707,56.148137,56.075563,56.004865,55.935938,55.868685,55.803018,55.738855,55.676123,55.614754,55.554685,55.495859,55.438222,55.381724,55.326321,55.271968,55.218627,55.166259,55.114830,55.064308
29,5,1,6,5,4,1,5,4,92,64.670747,62.057957,60.263691,58.857830,57.686828,56.677371,55.788365,54.994240,54.277863,53.627109,53.033024,52.488757,51.988904,51.529076,51.105616,50.715407,50.355731,50.024181,49.718595,49.437004,49.177605,48.938736,48.718856,48.516534,48.330441,48.159336,48.002067,47.857560,47.724816,47.602907,47.490972,47.388212,47.293886,47.207308,47.127847,47.054916,46.987978,46.926535,46.870130,46.818342,46.770786,46.727106,46.686977,46.650101,46.616204,46.585036,46.556368,46.529989,46.505708,46.483350
43,5,1,3,5,5,1,1,5,79,61.429866,59.587756,58.373650,57.427221,56.639424,55.961077,55.364967,54.834106,54.356996,53.925379,53.533043,53.175140,52.847769,52.547718,52.272286,52.019163,51.786345,51.572073,51.374791,51.193103,51.025756,50.871613,50.729638,50.598887,50.478491,50.367653,50.265638,50.171768,50.085417,50.006005,49.932996,49.865894,49.804240,49.747608,49.695604,49.647865,49.604053,49.563857,49.526988,49.493181,49.462187,49.433782,49.407754,49.383911,49.362074,49.342078,49.323773,49.307017,49.291684,49.277655
177,4,1,6,3,4,1,1,5,196,64.128071,62.772229,61.923321,61.274314,60.732233,60.257728,59.830672,59.439428,59.076647,58.737366,58.418057,58.116099,57.829478,57.556600,57.296173,57.047130,56.808569,56.579721,56.359919,56.148579,55.945183,55.749273,55.560433,55.378290,55.202502,55.032759,54.868774,54.710283,54.557042,54.408823,54.265416,54.126621,53.992254,53.862141,53.736116,53.614026,53.495724,53.381072,53.269938,53.162198,53.057733,52.956429,52.858179,52.762881,52.670436,52.580749,52.493731,52.409295,52.327358,52.247842
638,5,1,6,5,5,1,1,5,355,62.710291,61.849733,61.311086,60.904146,60.569671,60.281277,60.024895,59.792134,59.577593,59.377598,59.189545,59.011527,58.842105,58.680170,58.524848,58.375437,58.231364,58.092154,57.957409,57.826789,57.700002,57.576795,57.456945,57.340257,57.226555,57.115683,57.007499,56.901874,56.798693,56.697848,56.599241,56.502781,56.408384,56.315972,56.225472,56.136817,56.049942,55.964789,55.881301,55.799424,55.719110,55.640311,55.562981,55.487079,55.412564,55.339397,55.267542,55.196965,55.127630,55.059507
147,4,1,6,5,5,1,1,5,146,61.259649,59.723154,58.802330,58.134803,57.603039,57.155780,56.766611,56.420261,56.107118,55.820721,55.556497,55.311074,55.081881,54.866905,54.664533,54.473450,54.292565,54.120963,53.957865,53.802603,53.654598,53.513342,53.378389,53.249340,53.125841,53.007571,52.894243,52.785590,52.681374,52.581372,52.485378,52.393205,52.304675,52.219623,52.137897,52.059350,51.983847,51.911259,51.841466,51.774352,51.709808,51.647731,51.588023,51.530589,51.475340,51.422191,51.371060,51.321870,51.274545,51.229014
221,4,1,6,4,4,1,1,5,168,43.054728,42.512291,42.169381,41.898700,41.665940,41.458145,41.269028,41.094923,40.933397,40.782698,40.641488,40.508707,40.383485,40.265102,40.152943,40.046484,39.945268,39.848895,39.757012,39.669306,39.585495,39.505327,39.428574,39.355030,39.284504,39.216826,39.151836,39.089390,39.029351,38.971597,38.916011,38.862487,38.810924,38.761229,38.713316,38.667101,38.622509,38.579468,38.537909,38.497770,38.458989,38.421510,38.385279,38.350246,38.316361,38.283579,38.251857,38.221154,38.191430,38.162647
63,3,1,6,5,5,1,1,5,100,60.160990,58.687993,57.700433,56.929527,56.288212,55.736020,55.250282,54.816789,54.425938,54.070859,53.746421,53.448651,53.174386,52.921043,52.686475,52.468865,52.266654,52.078492,51.903193,51.739711,51.587116,51.444573,51.311333,51.186715,51.070104,50.960936,50.858697,50.762914,50.673155,50.589017,50.510131,50.436155,50.366771,50.301684,50.240620,50.183325,50.129559,50.079102,50.031747,49.987300,49.945580,49.906418,49.869657,49.835147,49.802751,49.772338,49.743786,49.716981,49.691816,49.668190
659,5,1,6,5,5,1,1,5,368,64.511519,63.288476,62.529421,61.970144,61.522943,61.147714,60.822716,60.534788,60.275328,60.038395,59.819714,59.616111,59.425169,59.245010,59.074151,58.911405,58.755805,58.606560,58.463012,58.324611,58.190891,58.061456,57.935967,57.814127,57.695681,57.580405,57.468099,57.358587,57.251713,57.147336,57.045328,56.945576,56.847973,56.752426,56.658846,56.567154,56.477275,56.389141,56.302687,56.217855,56.134589,56.052837,55.972551,55.893686,55.816198,55.740047,55.665194,55.591603,55.519241,55.448073
148,4,1,6,4,4,2,1,4,157,62.049952,60.518193,59.534018,58.803796,58.218669,57.726409,57.298532,56.918068,56.574185,56.259572,55.969065,55.698876,55.446144,55.208644,54.984617,54.772636,54.571532,54.380332,54.198211,54.024466,53.858491,53.699755,53.547793,53.402190,53.262578,53.128622,53.000022,52.876501,52.757807,52.643708,52.533990,52.428451,52.326907,52.229182,52.135115,52.044550,51.957344,51.873359,51.792467,51.714544,51.639473,51.567145,51.497452,51.430294,51.365576,51.303205,51.243092,51.185155,51.129312,51.075486
87,4,1,6,4,3,1,1,4,124,64.709818,62.870737,61.602304,60.606761,59.778000,59.064475,58.436650,57.875772,57.369063,56.907352,56.483792,56.093107,55.731128,55.394493,55.080447,54.786694,54.511300,54.252619,54.009232,53.779907,53.563565,53.359254,53.166128,52.983428,52.810473,52.646645,52.491383,52.344174,52.204545,52.072062,51.946324,51.826958,51.713617,51.605978,51.503739,51.406615,51.314341,51.226667,51.143358,51.064191,50.988957,50.917459,50.849508,50.784928,50.723550,50.665217,50.609776,50.557085,50.507007,50.459415
108,4,1,6,4,4,1,1,4,127,62.852648,61.144891,60.094145,59.311706,58.675570,58.132221,57.653651,57.223494,56.831395,56.470380,56.135510,55.823139,55.530483,55.255352,54.995986,54.750936,54.518992,54.299125,54.090449,53.892192,53.703675,53.524291,53.353498,53.190805,53.035765,52.887968,52.747039,52.612627,52.484410,52.362084,52.245365,52.133990,52.027706,51.926279,51.829484,51.737111,51.648959,51.564837,51.484565,51.407969,51.334885,51.265157,51.198635,51.135176,51.074643,51.016907,50.961843,50.909330,50.859256,50.811512
657,3,1,6,5,5,1,1,5,357,64.207815,62.867306,62.076950,61.523843,61.097730,60.748467,60.449797,60.186601,59.949544,59.732534,59.531412,59.343228,59.165822,58.997564,58.837197,58.683732,58.536373,58.394474,58.257500,58.125004,57.996610,57.871995,57.750883,57.633032,57.518234,57.406302,57.297074,57.190403,57.086160,56.984225,56.884492,56.786864,56.691253,56.597576,56.505760,56.415735,56.327435,56.240802,56.155780,56.072316,55.990362,55.909870,55.830798,55.753104,55.676750,55.601699,55.527916,55.455366,55.384020,55.313845
95,3,1,6,5,5,1,1,5,135,66.155912,64.152597,62.828476,61.815991,60.987530,60.281982,59.664529,59.113235,58.613405,58.154790,57.730027,57.333696,56.961726,56.610998,56.279082,55.964051,55.664351,55.378711,55.106073,54.845546,54.596365,54.357868,54.129473,53.910662,53.700971,53.499976,53.307290,53.122555,52.945438,52.775627,52.612828,52.456763,52.307169,52.163794,52.026398,51.894750,51.768629,51.647824,51.532130,51.421350,51.315295,51.213781,51.116632,51.023676,50.934751,50.849696,50.768357,50.690587,50.616243,50.545186
119,3,1,6,5,5,1,1,5,141,63.074863,61.354093,60.259372,59.442090,58.781216,58.221136,57.731995,57.295946,56.901437,56.540538,56.207558,55.898264,55.609420,55.338494,55.083463,54.842685,54.614803,54.398681,54.193359,53.998011,53.811921,53.634464,53.465086,53.303296,53.148652,53.000756,52.859243,52.723782,52.594070,52.469823,52.350781,52.236701,52.127354,52.022530,51.922026,51.825655,51.733237,51.644606,51.559599,51.478067,51.399864,51.324853,51.252902,51.183887,51.117688,51.054190,50.993286,50.934869,50.878840,50.825103
70,3,1,6,5,5,1,1,5,126,66.990540,64.866804,63.481905,62.427034,61.559658,60.813292,60.151734,59.553261,59.003945,58.494411,58.018105,57.570297,57.147478,56.746978,56.366716,56.005033,55.660576,55.332217,55.018998,54.720092,54.434765,54.162362,53.902290,53.654000,53.416985,53.190768,52.974901,52.768955,52.572525,52.385221,52.206668,52.036507,51.874391,51.719985,51.572966,51.433022,51.299852,51.173164,51.052678,50.938122,50.829233,50.725759,50.627457,50.534090,50.445434,50.361270,50.281390,50.205591,50.133680,50.065473
91,3,1,6,5,5,1,1,5,148,67.862214,65.544673,64.203286,63.227743,62.436263,61.756303,61.152956,60.606832,60.105909,59.642115,59.209704,58.804407,58.422944,58.062729,57.721671,57.398052,57.090431,56.797583,56.518454,56.252121,55.997775,55.754693,55.522228,55.299793,55.086857,54.882932,54.687570,54.500357,54.320908,54.148866,53.983896,53.825684,53.673936,53.528373,53.388734,53.254769,53.126243,53.002934,52.884626,52.771119,52.662217,52.557738,52.457503,52.361344,52.269100,52.180614,52.095739,52.014331,51.936254,51.861376
607,4,1,6,3,4,2,1,5,456,67.971471,66.747884,66.014940,65.482799,65.057831,64.698427,64.382822,64.098405,63.837318,63.594391,63.366064,63.149797,62.943718,62.746411,62.556782,62.373961,62.197252,62.026082,61.859975,61.698532,61.541412,61.388319,61.238998,61.093224,60.950798,60.811542,60.675298,60.541920,60.411280,60.283257,60.157741,60.034633,59.913840,59.795274,59.678857,59.564512,59.452171,59.341767,59.233239,59.126528,59.021579,58.918342,58.816766,58.716805,58.618414,58.521552,58.426178,58.332254,58.239743,58.148610
79,1,1,6,5,5,1,1,5,126,66.666666,64.671056,63.306469,62.248285,61.377489,60.634247,59.983875,59.404449,58.881234,58.403860,57.964761,57.558252,57.179951,56.826412,56.494869,56.183071,55.889151,55.611547,55.348929,55.100157,54.864238,54.640303,54.427582,54.225387,54.033100,53.850159,53.676053,53.510312,53.352503,53.202223,53.059097,52.922776,52.792931,52.669253,52.551450,52.439246,52.332380,52.230603,52.133681,52.041389,51.953513,51.869850,51.790205,51.714394,51.642239,51.573572,51.508230,51.446059,51.386913,51.330649
510,3,1,6,5,5,1,1,5,405,67.758873,66.324734,65.485967,64.874061,64.379460,63.956998,63.584037,63.247606,62.939537,62.654317,62.388027,62.137771,61.901336,61.676985,61.463327,61.259229,61.063747,60.876091,60.695588,60.521658,60.353801,60.191577,60.034600,59.882528,59.735053,59.591904,59.452831,59.317612,59.186043,59.057939,58.933129,58.811457,58.692779,58.576963,58.463883,58.353427,58.245487,58.139964,58.036764,57.935800,57.836991,57.740258,57.645530,57.552737,57.461816,57.372705,57.285346,57.199684,57.115666,57.033244
5428,5,1,6,2,3,3,3,4,573,57.053372,56.017813,55.497709,55.167791,54.930315,54.745913,54.595559,54.468786,54.359259,54.262869,54.176805,54.099062,54.028162,53.962988,53.902672,53.846530,53.794014,53.744674,53.698142,53.654109,53.612314,53.572536,53.534585,53.498297,53.463528,53.430153,53.398063,53.367158,53.337353,53.308570,53.280740,53.253799,53.227691,53.202365,53.177774,53.153876,53.130631,53.108005,53.085963,53.064477,53.043518,53.023060,53.003079,52.983553,52.964462,52.945786,52.927507,52.909608,52.892074,52.874890
153,3,1,6,4,5,1,2,5,183,63.352329,62.202416,61.431429,60.815362,60.288736,59.822762,59.401855,59.016445,58.660130,58.328359,58.017743,57.725664,57.450045,57.189197,56.941719,56.706433,56.482334,56.268553,56.064335,55.869012,55.681997,55.502760,55.330831,55.165782,55.007225,54.854807,54.708204,54.567120,54.431280,54.300430,54.174335,54.052775,53.935546,53.822457,53.713328,53.607992,53.506290,53.408071,53.313197,53.221532,53.132951,53.047335,52.964569,52.884545,52.807161,52.732320,52.659926,52.589893,52.522133,52.456567
121,3,1,6,4,3,3,2,4,174,64.571483,63.227389,62.273921,61.505244,60.851043,60.276273,59.760675,59.291471,58.860063,58.460364,58.087874,57.739141,57.411442,57.102567,56.810689,56.534270,56.271999,56.022739,55.785502,55.559414,55.343704,55.137681,54.940724,54.752274,54.571824,54.398911,54.233113,54.074042,53.921342,53.774683,53.633760,53.498290,53.368011,53.242676,53.122057,53.005938,52.894119,52.786410,52.682634,52.582622,52.486217,52.393269,52.303636,52.217185,52.133787,52.053324,51.975679,51.900743,51.828414,51.758591
2063,5,1,6,4,2,2,3,4,863,67.011371,65.788515,65.087668,64.601925,64.230626,63.929384,63.675038,63.454075,63.257968,63.081021,62.919262,62.769821,62.630565,62.499869,62.376472,62.259374,62.147772,62.041009,61.938544,61.839926,61.744774,61.652761,61.563611,61.477081,61.392963,61.311072,61.231246,61.153342,61.077232,61.002802,60.929950,60.858581,60.788614,60.719972,60.652585,60.586390,60.521330,60.457350,60.394402,60.332441,60.271424,60.211313,60.152070,60.093664,60.036062,59.979234,59.923154,59.867796,59.813135,59.759148
1958,5,1,6,5,4,1,5,4,891,67.097324,65.845942,65.129103,64.626193,64.238151,63.921691,63.654033,63.421685,63.215982,63.031024,62.862622,62.707696,62.563925,62.429521,62.303084,62.183496,62.069858,61.961434,61.857619,61.757907,61.661874,61.569161,61.479462,61.392512,61.308085,61.225981,61.146027,61.068070,60.991974,60.917619,60.844897,60.773712,60.703975,60.635608,60.568539,60.502703,60.438039,60.374493,60.312013,60.250554,60.190071,60.130525,60.071878,60.014096,59.957145,59.900995,59.845618,59.790987,59.737076,59.683863
609,5,1,6,5,5,4,1,5,386,66.222585,64.704343,63.770966,63.097361,62.569054,62.132416,61.758369,61.429592,61.135043,60.867302,60.621162,60.392842,60.179503,59.978967,59.789517,59.609780,59.438633,59.275151,59.118557,58.968195,58.823504,58.683999,58.549262,58.418924,58.292663,58.170194,58.051263,57.935644,57.823133,57.713548,57.606723,57.502511,57.400773,57.301386,57.204238,57.109222,57.016244,56.925216,56.836055,56.748687,56.663040,56.579049,56.496654,56.415798,56.336426,56.258490,56.181942,56.106738,56.032837,55.960199
2808,5,1,6,3,3,2,3,5,676,62.284025,61.212004,60.542692,60.056105,59.675121,59.362991,59.099279,58.871440,58.671219,58.492887,58.332303,58.186377,58.052740,57.929537,57.815287,57.708793,57.609071,57.515306,57.426815,57.343018,57.263424,57.187609,57.115209,57.045905,56.979420,56.915512,56.853964,56.794589,56.737215,56.681693,56.627889,56.575679,56.524956,56.475621,56.427585,56.380766,56.335091,56.290492,56.246908,56.204282,56.162563,56.121704,56.081659,56.042389,56.003856,55.966025,55.928865,55.892345,55.856438,55.821117
165,3,1,6,4,4,1,1,4,188,64.008093,62.998292,62.278484,61.677299,61.145716,60.662588,60.216741,59.801406,59.412059,59.045436,58.699052,58.370936,58.059468,57.763289,57.481233,57.212287,56.955556,56.710244,56.475638,56.251091,56.036017,55.829878,55.632184,55.442479,55.260346,55.085396,54.917268,54.755626,54.600157,54.450568,54.306583,54.167947,54.034417,53.905765,53.781776,53.662250,53.546994,53.435829,53.328583,53.225095,53.125212,53.028788,52.935684,52.845771,52.758921,52.675018,52.593946,52.515600,52.439875,52.366673
125,3,1,6,5,4,3,1,5,152,63.362095,62.082255,61.207165,60.498283,59.887976,59.346490,58.857335,58.410078,57.997551,57.614543,57.257109,56.922166,56.607249,56.310338,56.029757,55.764091,55.512128,55.272820,55.045255,54.828624,54.622211,54.425376,54.237539,54.058176,53.886811,53.723005,53.566356,53.416492,53.273070,53.135768,53.004288,52.878350,52.757693,52.642070,52.531251,52.425015,52.323158,52.225484,52.131809,52.041958,51.955763,51.873069,51.793723,51.717585,51.644517,51.574390,51.507081,51.442472,51.380450,51.320909
72,2,1,6,5,4,1,1,5,123,63.156701,61.647225,60.565978,59.698708,58.968073,58.333985,57.772455,57.267866,56.809442,56.389410,56.001968,55.642661,55.307989,54.995144,54.701836,54.426169,54.166549,53.921621,53.690222,53.471337,53.264080,53.067663,52.881386,52.704618,52.536789,52.377381,52.225917,52.081961,51.945108,51.814984,51.691241,51.573551,51.461609,51.355129,51.253840,51.157488,51.065832,50.978644,50.895708,50.816820,50.741785,50.670419,50.602546,50.538000,50.476620,50.418256,50.362763,50.310005,50.259849,50.212171
113,3,1,6,5,5,1,1,5,175,67.610605,65.810243,64.685028,63.835185,63.130668,62.516268,61.964244,61.458818,60.990149,60.551655,60.138695,59.747847,59.376501,59.022609,58.684520,58.360879,58.050552,57.752579,57.466132,57.190494,56.925035,56.669194,56.422475,56.184427,55.954644,55.732756,55.518423,55.311333,55.111195,54.917740,54.730716,54.549887,54.375030,54.205935,54.042404,53.884248,53.731286,53.583346,53.440265,53.301885,53.168055,53.038629,52.913468,52.792436,52.675404,52.562245,52.452839,52.347067,52.244816,52.145976
